,baseObject,fromUuid,memoryAddress,name,pInfo,pageNumber,pid,ppid,properties,sequence,source,startTimestampMicros,threadId,timestamp,timestampMicros,toUuid,type,url,uuid,version
0,,,,clone,,,,,,1.0,SOURCE_LINUX_AUDIT_TRACE,,1428.0,,-1.0,,EVENT_ACCEPT,,4e+15,
1,,,,,"bash,1428,ffff880009dbe220",,1428.0,1423.0,,,SOURCE_LINUX_AUDIT_TRACE,-1.0,,,,,SUBJECT_PROCESS,,1e+15,
2,,1e+15,,,,,,,{},,,,,0.0,,4e+15,EDGE_SUBJECT_AFFECTS_EVENT,,,
3,,,,execve,,,,,,3.0,SOURCE_LINUX_AUDIT_TRACE,,1448.0,,-1.0,,EVENT_ACCEPT,,4e+15,
4,,,,,"bash,1448,ffff880009dbc4b0",,1448.0,1428.0,,,SOURCE_LINUX_AUDIT_TRACE,-1.0,,,,,SUBJECT_PROCESS,,1e+15,
5,,1e+15,,,,,,,{},,,,,0.0,,4e+15,EDGE_SUBJECT_AFFECTS_EVENT,,,
6,,4e+15,,,,,,,{},,,,,0.0,,1e+15,EDGE_EVENT_AFFECTS_SUBJECT,,,
7,,4e+15,,,,,,,{},,,,,0.0,,1e+15,EDGE_EVENT_AFFECTS_SUBJECT,,,
8,{u'source': u'SOURCE_LINUX_AUDIT_TRACE'},,,,,,,,,,,,,,,,,client.sh,3e+15,1.0
9,,3e+15,,,,,,,{},,,,,0.0,,4e+15,EDGE_EVENT_AFFECTS_SUBJECT,,,
10,,,,,"client.sh,1448,ffff880009dbc4b0",,1448.0,1428.0,,,SOURCE_LINUX_AUDIT_TRACE,-1.0,,,,,SUBJECT_PROCESS,,1e+15,
11,,,,clone,,,,,,5.0,SOURCE_LINUX_AUDIT_TRACE,,1448.0,,-1.0,,EVENT_ACCEPT,,4e+15,
12,,1e+15,,,,,,,{},,,,,0.0,,4e+15,EDGE_SUBJECT_AFFECTS_EVENT,,,
13,,,,clone,,,,,,7.0,SOURCE_LINUX_AUDIT_TRACE,,1448.0,,-1.0,,EVENT_ACCEPT,,4e+15,
14,,1e+15,,,,,,,{},,,,,0.0,,4e+15,EDGE_SUBJECT_AFFECTS_EVENT,,,
15,,,,clone,,,,,,9.0,SOURCE_LINUX_AUDIT_TRACE,,1448.0,,-1.0,,EVENT_ACCEPT,,4e+15,
16,,1e+15,,,,,,,{},,,,,0.0,,4e+15,EDGE_SUBJECT_AFFECTS_EVENT,,,
17,,,,clone,,,,,,11.0,SOURCE_LINUX_AUDIT_TRACE,,1448.0,,-1.0,,EVENT_ACCEPT,,4e+15,
18,,1e+15,,,,,,,{},,,,,0.0,,4e+15,EDGE_SUBJECT_AFFECTS_EVENT,,,
19,,,,mmap(read/write),,,,,,13.0,SOURCE_LINUX_AUDIT_TRACE,,1448.0,,-1.0,,EVENT_ACCEPT,,4e+15,
20,,1e+15,,,,,,,{},,,,,0.0,,4e+15,EDGE_SUBJECT_AFFECTS_EVENT,,,
21,,,,mmap(read),,,,,,15.0,SOURCE_LINUX_AUDIT_TRACE,,1448.0,,-1.0,,EVENT_ACCEPT,,4e+15,
22,,1e+15,,,,,,,{},,,,,0.0,,4e+15,EDGE_SUBJECT_AFFECTS_EVENT,,,
23,,,,read,,,,,,17.0,SOURCE_LINUX_AUDIT_TRACE,,1448.0,,-1.0,,EVENT_ACCEPT,,4e+15,
24,,1e+15,,,,,,,{},,,,,0.0,,4e+15,EDGE_SUBJECT_AFFECTS_EVENT,,,
25,,,,mmap(read),,,,,,19.0,SOURCE_LINUX_AUDIT_TRACE,,1448.0,,-1.0,,EVENT_ACCEPT,,4e+15,
26,,1e+15,,,,,,,{},,,,,0.0,,4e+15,EDGE_SUBJECT_AFFECTS_EVENT,,,
27,,4e+15,,,,,,,{},,,,,0.0,,1e+15,EDGE_EVENT_AFFECTS_SUBJECT,,,
28,,4e+15,,,,,,,{},,,,,0.0,,1e+15,EDGE_EVENT_AFFECTS_SUBJECT,,,
29,{u'source': u'SOURCE_LINUX_AUDIT_TRACE'},,,,,,,,,,,,,,,,,"""/etc/ld.so.cache""",3e+15,1.0
30,,,,mmap(read),,,,,,21.0,SOURCE_LINUX_AUDIT_TRACE,,1452.0,,-1.0,,EVENT_ACCEPT,,4e+15,
31,,3e+15,,,,,,,{},,,,,0.0,,4e+15,EDGE_EVENT_AFFECTS_SUBJECT,,,
32,,,,mmap(read),,,,,,23.0,SOURCE_LINUX_AUDIT_TRACE,,1452.0,,-1.0,,EVENT_ACCEPT,,4e+15,
33,,3e+15,,,,,,,{},,,,,0.0,,4e+15,EDGE_EVENT_AFFECTS_SUBJECT,,,
34,,,,mmap(read),,,,,,25.0,SOURCE_LINUX_AUDIT_TRACE,,1452.0,,-1.0,,EVENT_ACCEPT,,4e+15,
35,,3e+15,,,,,,,{},,,,,0.0,,4e+15,EDGE_EVENT_AFFECTS_SUBJECT,,,
36,,,,mmap(read),,,,,,27.0,SOURCE_LINUX_AUDIT_TRACE,,1451.0,,-1.0,,EVENT_ACCEPT,,4e+15,
37,,3e+15,,,,,,,{},,,,,0.0,,4e+15,EDGE_EVENT_AFFECTS_SUBJECT,,,
38,,,,mmap(read),,,,,,29.0,SOURCE_LINUX_AUDIT_TRACE,,1450.0,,-1.0,,EVENT_ACCEPT,,4e+15,
39,,3e+15,,,,,,,{},,,,,0.0,,4e+15,EDGE_EVENT_AFFECTS_SUBJECT,,,
40,,,,mmap(read),,,,,,31.0,SOURCE_LINUX_AUDIT_TRACE,,1449.0,,-1.0,,EVENT_ACCEPT,,4e+15,
41,,3e+15,,,,,,,{},,,,,0.0,,4e+15,EDGE_EVENT_AFFECTS_SUBJECT,,,
42,,,,mmap(read),,,,,,33.0,SOURCE_LINUX_AUDIT_TRACE,,1449.0,,-1.0,,EVENT_ACCEPT,,4e+15,
43,,3e+15,,,,,,,{},,,,,0.0,,4e+15,EDGE_EVENT_AFFECTS_SUBJECT,,,
44,,,,mmap(read),,,,,,35.0,SOURCE_LINUX_AUDIT_TRACE,,1449.0,,-1.0,,EVENT_ACCEPT,,4e+15,
45,,3e+15,,,,,,,{},,,,,0.0,,4e+15,EDGE_EVENT_AFFECTS_SUBJECT,,,
46,,3e+15,,,,,,,{},,,,,0.0,,4e+15,EDGE_EVENT_AFFECTS_SUBJECT,,,
47,{u'source': u'SOURCE_LINUX_AUDIT_TRACE'},,1.40552987427e+14,,,0.0,,,,,,,,,,,,,2e+15,
48,,4e+15,,,,,,,{},,,,,0.0,,2e+15,EDGE_MEMORY_AFFECTS_EVENT,,,
49,,4e+15,,,,,,,{},,,,,0.0,,1e+15,EDGE_EVENT_AFFECTS_SUBJECT,,,
50,,2e+15,,,,,,,{},,,,,0.0,,4e+15,EDGE_EVENT_AFFECTS_SUBJECT,,,
51,{u'source': u'SOURCE_LINUX_AUDIT_TRACE'},,,,,,,,,,,,,,,,,"""/lib/x86_64-linux-gnu/libc.so.6""",3e+15,1.0
52,,3e+15,,,,,,,{},,,,,0.0,,4e+15,EDGE_EVENT_AFFECTS_SUBJECT,,,
53,{u'source': u'SOURCE_LINUX_AUDIT_TRACE'},,,,,,,,,,,,,,,,,"""/lib/x86_64-linux-gnu/libc.so.6""",3e+15,1.0
54,,3e+15,,,,,,,{},,,,,0.0,,9e+15,EDGE_EVENT_AFFECTS_SUBJECT,,,
55,,3e+15,,,,,,,{},,,,,0.0,,4e+15,EDGE_EVENT_AFFECTS_SUBJECT,,,
56,,4e+15,,,,,,,{},,,,,0.0,,1e+15,EDGE_EVENT_AFFECTS_SUBJECT,,,
57,,4e+15,,,,,,,{},,,,,0.0,,1e+15,EDGE_EVENT_AFFECTS_SUBJECT,,,
58,{u'source': u'SOURCE_LINUX_AUDIT_TRACE'},,1.40552981316e+14,,,0.0,,,,,,,,,,,,,2e+15,
59,,4e+15,,,,,,,{},,,,,0.0,,2e+15,EDGE_MEMORY_AFFECTS_EVENT,,,
60,,4e+15,,,,,,,{},,,,,0.0,,1e+15,EDGE_EVENT_AFFECTS_SUBJECT,,,
61,,2e+15,,,,,,,{},,,,,0.0,,4e+15,EDGE_EVENT_AFFECTS_SUBJECT,,,
62,,,,mmap(read),,,,,,37.0,SOURCE_LINUX_AUDIT_TRACE,,1449.0,,-1.0,,EVENT_ACCEPT,,4e+15,
63,{u'source': u'SOURCE_LINUX_AUDIT_TRACE'},,,,,,,,,,,,,,,,,"""/lib/x86_64-linux-gnu/libc.so.6""",3e+15,1.0
64,,3e+15,,,,,,,{},,,,,0.0,,4e+15,EDGE_EVENT_AFFECTS_SUBJECT,,,
65,{u'source': u'SOURCE_LINUX_AUDIT_TRACE'},,,,,,,,,,,,,,,,,"""/lib/x86_64-linux-gnu/libc.so.6""",3e+15,1.0
66,,3e+15,,,,,,,{},,,,,0.0,,9e+15,EDGE_EVENT_AFFECTS_SUBJECT,,,
67,,,,read,,,,,,39.0,SOURCE_LINUX_AUDIT_TRACE,,1449.0,,-1.0,,EVENT_ACCEPT,,4e+15,
68,,3e+15,,,,,,,{},,,,,0.0,,4e+15,EDGE_EVENT_AFFECTS_SUBJECT,,,
69,,3e+15,,,,,,,{},,,,,0.0,,4e+15,EDGE_EVENT_AFFECTS_SUBJECT,,,
70,{u'source': u'SOURCE_LINUX_AUDIT_TRACE'},,1.40552985223e+14,,,0.0,,,,,,,,,,,,,2e+15,
71,,4e+15,,,,,,,{},,,,,0.0,,2e+15,EDGE_MEMORY_AFFECTS_EVENT,,,
72,,4e+15,,,,,,,{},,,,,0.0,,3e+15,EDGE_EVENT_AFFECTS_FILE,,,
73,,4e+15,,,,,,,{},,,,,0.0,,1e+15,EDGE_EVENT_AFFECTS_SUBJECT,,,
74,,2e+15,,,,,,,{},,,,,0.0,,4e+15,EDGE_EVENT_AFFECTS_SUBJECT,,,
75,,,,execve,,,,,,41.0,SOURCE_LINUX_AUDIT_TRACE,,1449.0,,-1.0,,EVENT_ACCEPT,,4e+15,
76,,,,,"client.sh,1449,ffff880009dbce80",,1449.0,1448.0,,,SOURCE_LINUX_AUDIT_TRACE,-1.0,,,,,SUBJECT_PROCESS,,1e+15,
77,,1e+15,,,,,,,{},,,,,0.0,,4e+15,EDGE_SUBJECT_AFFECTS_EVENT,,,
78,,4e+15,,,,,,,{},,,,,0.0,,1e+15,EDGE_EVENT_AFFECTS_SUBJECT,,,
79,,4e+15,,,,,,,{},,,,,0.0,,1e+15,EDGE_EVENT_AFFECTS_SUBJECT,,,
80,,,,execve,,,,,,43.0,SOURCE_LINUX_AUDIT_TRACE,,1452.0,,-1.0,,EVENT_ACCEPT,,4e+15,
81,{u'source': u'SOURCE_LINUX_AUDIT_TRACE'},,,,,,,,,,,,,,,,,nc,3e+15,1.0
82,,3e+15,,,,,,,{},,,,,0.0,,4e+15,EDGE_EVENT_AFFECTS_SUBJECT,,,
83,,3e+15,,,,,,,{},,,,,0.0,,4e+15,EDGE_EVENT_AFFECTS_SUBJECT,,,
84,,,,write,,,,,,45.0,SOURCE_LINUX_AUDIT_TRACE,,1449.0,,-1.0,,EVENT_ACCEPT,,4e+15,
85,,,,,"nc,1449,ffff880009dbce80",,1449.0,1448.0,,,SOURCE_LINUX_AUDIT_TRACE,-1.0,,,,,SUBJECT_PROCESS,,1e+15,
86,,1e+15,,,,,,,{},,,,,0.0,,4e+15,EDGE_SUBJECT_AFFECTS_EVENT,,,
87,,,,write,,,,,,47.0,SOURCE_LINUX_AUDIT_TRACE,,1449.0,,-1.0,,EVENT_ACCEPT,,4e+15,
88,,1e+15,,,,,,,{},,,,,0.0,,4e+15,EDGE_SUBJECT_AFFECTS_EVENT,,,
89,,,,write,,,,,,49.0,SOURCE_LINUX_AUDIT_TRACE,,1449.0,,-1.0,,EVENT_ACCEPT,,4e+15,
90,,1e+15,,,,,,,{},,,,,0.0,,4e+15,EDGE_SUBJECT_AFFECTS_EVENT,,,
91,,,,write,,,,,,51.0,SOURCE_LINUX_AUDIT_TRACE,,1449.0,,-1.0,,EVENT_ACCEPT,,4e+15,
92,,1e+15,,,,,,,{},,,,,0.0,,4e+15,EDGE_SUBJECT_AFFECTS_EVENT,,,
93,,,,write,,,,,,53.0,SOURCE_LINUX_AUDIT_TRACE,,1449.0,,-1.0,,EVENT_ACCEPT,,4e+15,
94,,1e+15,,,,,,,{},,,,,0.0,,4e+15,EDGE_SUBJECT_AFFECTS_EVENT,,,
95,,,,write,,,,,,55.0,SOURCE_LINUX_AUDIT_TRACE,,1449.0,,-1.0,,EVENT_ACCEPT,,4e+15,
96,,1e+15,,,,,,,{},,,,,0.0,,4e+15,EDGE_SUBJECT_AFFECTS_EVENT,,,
97,,,,write,,,,,,57.0,SOURCE_LINUX_AUDIT_TRACE,,1449.0,,-1.0,,EVENT_ACCEPT,,4e+15,
98,,1e+15,,,,,,,{},,,,,0.0,,4e+15,EDGE_SUBJECT_AFFECTS_EVENT,,,
99,,,,read,,,,,,59.0,SOURCE_LINUX_AUDIT_TRACE,,1449.0,,-1.0,,EVENT_ACCEPT,,4e+15,
100,,1e+15,,,,,,,{},,,,,0.0,,4e+15,EDGE_SUBJECT_AFFECTS_EVENT,,,
101,,,,read,,,,,,61.0,SOURCE_LINUX_AUDIT_TRACE,,1449.0,,-1.0,,EVENT_ACCEPT,,4e+15,
102,,1e+15,,,,,,,{},,,,,0.0,,4e+15,EDGE_SUBJECT_AFFECTS_EVENT,,,
103,,,,read,,,,,,63.0,SOURCE_LINUX_AUDIT_TRACE,,1449.0,,-1.0,,EVENT_ACCEPT,,4e+15,
104,,1e+15,,,,,,,{},,,,,0.0,,4e+15,EDGE_SUBJECT_AFFECTS_EVENT,,,
105,,1e+15,,,,,,,{},,,,,0.0,,4e+15,EDGE_SUBJECT_AFFECTS_EVENT,,,
106,,,,read,,,,,,65.0,SOURCE_LINUX_AUDIT_TRACE,,1449.0,,-1.0,,EVENT_ACCEPT,,4e+15,
107,,1e+15,,,,,,,{},,,,,0.0,,4e+15,EDGE_SUBJECT_AFFECTS_EVENT,,,
108,,,,mmap(read),,,,,,67.0,SOURCE_LINUX_AUDIT_TRACE,,1449.0,,-1.0,,EVENT_ACCEPT,,4e+15,
109,,1e+15,,,,,,,{},,,,,0.0,,4e+15,EDGE_SUBJECT_AFFECTS_EVENT,,,
110,,,,mmap(read/write),,,,,,69.0,SOURCE_LINUX_AUDIT_TRACE,,1449.0,,-1.0,,EVENT_ACCEPT,,4e+15,
111,,1e+15,,,,,,,{},,,,,0.0,,4e+15,EDGE_SUBJECT_AFFECTS_EVENT,,,
112,,,,read,,,,,,71.0,SOURCE_LINUX_AUDIT_TRACE,,1449.0,,-1.0,,EVENT_ACCEPT,,4e+15,
113,,1e+15,,,,,,,{},,,,,0.0,,4e+15,EDGE_SUBJECT_AFFECTS_EVENT,,,
114,,,,mmap(read),,,,,,73.0,SOURCE_LINUX_AUDIT_TRACE,,1449.0,,-1.0,,EVENT_ACCEPT,,4e+15,
115,,1e+15,,,,,,,{},,,,,0.0,,4e+15,EDGE_SUBJECT_AFFECTS_EVENT,,,
116,,,,mmap(read/write),,,,,,75.0,SOURCE_LINUX_AUDIT_TRACE,,1449.0,,-1.0,,EVENT_ACCEPT,,4e+15,
117,,1e+15,,,,,,,{},,,,,0.0,,4e+15,EDGE_SUBJECT_AFFECTS_EVENT,,,
118,,1e+15,,,,,,,{},,,,,0.0,,4e+15,EDGE_SUBJECT_AFFECTS_EVENT,,,
119,,1e+15,,,,,,,{},,,,,0.0,,4e+15,EDGE_SUBJECT_AFFECTS_EVENT,,,
120,,,,mmap(read/write),,,,,,77.0,SOURCE_LINUX_AUDIT_TRACE,,1449.0,,-1.0,,EVENT_ACCEPT,,4e+15,
121,,1e+15,,,,,,,{},,,,,0.0,,4e+15,EDGE_SUBJECT_AFFECTS_EVENT,,,
122,,,,read,,,,,,79.0,SOURCE_LINUX_AUDIT_TRACE,,1449.0,,-1.0,,EVENT_ACCEPT,,4e+15,
123,,1e+15,,,,,,,{},,,,,0.0,,4e+15,EDGE_SUBJECT_AFFECTS_EVENT,,,
124,,,,read,,,,,,81.0,SOURCE_LINUX_AUDIT_TRACE,,1449.0,,-1.0,,EVENT_ACCEPT,,4e+15,
125,,1e+15,,,,,,,{},,,,,0.0,,4e+15,EDGE_SUBJECT_AFFECTS_EVENT,,,
126,,1e+15,,,,,,,{},,,,,0.0,,4e+15,EDGE_SUBJECT_AFFECTS_EVENT,,,
127,,1e+15,,,,,,,{},,,,,0.0,,4e+15,EDGE_SUBJECT_AFFECTS_EVENT,,,
128,,,,read,,,,,,83.0,SOURCE_LINUX_AUDIT_TRACE,,1449.0,,-1.0,,EVENT_ACCEPT,,4e+15,
129,,1e+15,,,,,,,{},,,,,0.0,,4e+15,EDGE_SUBJECT_AFFECTS_EVENT,,,
130,,,,mmap(read),,,,,,85.0,SOURCE_LINUX_AUDIT_TRACE,,1449.0,,-1.0,,EVENT_ACCEPT,,4e+15,
131,,1e+15,,,,,,,{},,,,,0.0,,4e+15,EDGE_SUBJECT_AFFECTS_EVENT,,,
132,,,,mmap(read/write),,,,,,87.0,SOURCE_LINUX_AUDIT_TRACE,,1449.0,,-1.0,,EVENT_ACCEPT,,4e+15,
133,,1e+15,,,,,,,{},,,,,0.0,,4e+15,EDGE_SUBJECT_AFFECTS_EVENT,,,
134,,,,read,,,,,,89.0,SOURCE_LINUX_AUDIT_TRACE,,1449.0,,-1.0,,EVENT_ACCEPT,,4e+15,
135,,1e+15,,,,,,,{},,,,,0.0,,4e+15,EDGE_SUBJECT_AFFECTS_EVENT,,,
136,,,,read,,,,,,91.0,SOURCE_LINUX_AUDIT_TRACE,,1449.0,,-1.0,,EVENT_ACCEPT,,4e+15,
137,,1e+15,,,,,,,{},,,,,0.0,,4e+15,EDGE_SUBJECT_AFFECTS_EVENT,,,
138,,,,read,,,,,,93.0,SOURCE_LINUX_AUDIT_TRACE,,1449.0,,-1.0,,EVENT_ACCEPT,,4e+15,
139,,1e+15,,,,,,,{},,,,,0.0,,4e+15,EDGE_SUBJECT_AFFECTS_EVENT,,,
140,,4e+15,,,,,,,{},,,,,0.0,,1e+15,EDGE_EVENT_AFFECTS_SUBJECT,,,
141,,4e+15,,,,,,,{},,,,,0.0,,1e+15,EDGE_EVENT_AFFECTS_SUBJECT,,,
142,{u'source': u'SOURCE_LINUX_AUDIT_TRACE'},,1.4020671957e+14,,,0.0,,,,,,,,,,,,,2e+15,
143,,4e+15,,,,,,,{},,,,,0.0,,2e+15,EDGE_MEMORY_AFFECTS_EVENT,,,
144,,4e+15,,,,,,,{},,,,,0.0,,1e+15,EDGE_EVENT_AFFECTS_SUBJECT,,,
145,,2e+15,,,,,,,{},,,,,0.0,,4e+15,EDGE_EVENT_AFFECTS_SUBJECT,,,
146,{u'source': u'SOURCE_LINUX_AUDIT_TRACE'},,,,,,,,,,,,,,,,,"""/lib/x86_64-linux-gnu/libbsd.so.0""",3e+15,1.0
147,,3e+15,,,,,,,{},,,,,0.0,,4e+15,EDGE_EVENT_AFFECTS_SUBJECT,,,
148,{u'source': u'SOURCE_LINUX_AUDIT_TRACE'},,,,,,,,,,,,,,,,,"""/lib/x86_64-linux-gnu/libbsd.so.0""",3e+15,1.0
149,,3e+15,,,,,,,{},,,,,0.0,,9e+15,EDGE_EVENT_AFFECTS_SUBJECT,,,
150,,3e+15,,,,,,,{},,,,,0.0,,4e+15,EDGE_EVENT_AFFECTS_SUBJECT,,,
151,,4e+15,,,,,,,{},,,,,0.0,,1e+15,EDGE_EVENT_AFFECTS_SUBJECT,,,
152,,4e+15,,,,,,,{},,,,,0.0,,1e+15,EDGE_EVENT_AFFECTS_SUBJECT,,,
153,{u'source': u'SOURCE_LINUX_AUDIT_TRACE'},,1.40206715253e+14,,,0.0,,,,,,,,,,,,,2e+15,
154,,4e+15,,,,,,,{},,,,,0.0,,2e+15,EDGE_MEMORY_AFFECTS_EVENT,,,
155,,4e+15,,,,,,,{},,,,,0.0,,1e+15,EDGE_EVENT_AFFECTS_SUBJECT,,,
156,,2e+15,,,,,,,{},,,,,0.0,,4e+15,EDGE_EVENT_AFFECTS_SUBJECT,,,
157,,,,mmap(read),,,,,,95.0,SOURCE_LINUX_AUDIT_TRACE,,1452.0,,-1.0,,EVENT_ACCEPT,,4e+15,
158,{u'source': u'SOURCE_LINUX_AUDIT_TRACE'},,,,,,,,,,,,,,,,,"""/lib/x86_64-linux-gnu/libbsd.so.0""",3e+15,1.0
159,,3e+15,,,,,,,{},,,,,0.0,,4e+15,EDGE_EVENT_AFFECTS_SUBJECT,,,
160,{u'source': u'SOURCE_LINUX_AUDIT_TRACE'},,,,,,,,,,,,,,,,,"""/lib/x86_64-linux-gnu/libbsd.so.0""",3e+15,1.0
161,,3e+15,,,,,,,{},,,,,0.0,,9e+15,EDGE_EVENT_AFFECTS_SUBJECT,,,
162,,,,read,,,,,,97.0,SOURCE_LINUX_AUDIT_TRACE,,1452.0,,-1.0,,EVENT_ACCEPT,,4e+15,
163,,3e+15,,,,,,,{},,,,,0.0,,4e+15,EDGE_EVENT_AFFECTS_SUBJECT,,,
164,,3e+15,,,,,,,{},,,,,0.0,,4e+15,EDGE_EVENT_AFFECTS_SUBJECT,,,
165,{u'source': u'SOURCE_LINUX_AUDIT_TRACE'},,1.40206717399e+14,,,0.0,,,,,,,,,,,,,2e+15,
166,,4e+15,,,,,,,{},,,,,0.0,,2e+15,EDGE_MEMORY_AFFECTS_EVENT,,,
167,,4e+15,,,,,,,{},,,,,0.0,,3e+15,EDGE_EVENT_AFFECTS_FILE,,,
168,,4e+15,,,,,,,{},,,,,0.0,,1e+15,EDGE_EVENT_AFFECTS_SUBJECT,,,
169,,2e+15,,,,,,,{},,,,,0.0,,4e+15,EDGE_EVENT_AFFECTS_SUBJECT,,,
170,{u'source': u'SOURCE_LINUX_AUDIT_TRACE'},,,,,,,,,,,,,,,,,"""/lib/x86_64-linux-gnu/libresolv.so.2""",3e+15,1.0
171,,3e+15,,,,,,,{},,,,,0.0,,4e+15,EDGE_EVENT_AFFECTS_SUBJECT,,,
172,{u'source': u'SOURCE_LINUX_AUDIT_TRACE'},,,,,,,,,,,,,,,,,"""/lib/x86_64-linux-gnu/libresolv.so.2""",3e+15,1.0
173,,3e+15,,,,,,,{},,,,,0.0,,9e+15,EDGE_EVENT_AFFECTS_SUBJECT,,,
174,,3e+15,,,,,,,{},,,,,0.0,,4e+15,EDGE_EVENT_AFFECTS_SUBJECT,,,
175,,4e+15,,,,,,,{},,,,,0.0,,1e+15,EDGE_EVENT_AFFECTS_SUBJECT,,,
176,,4e+15,,,,,,,{},,,,,0.0,,1e+15,EDGE_EVENT_AFFECTS_SUBJECT,,,
177,{u'source': u'SOURCE_LINUX_AUDIT_TRACE'},,1.40206713045e+14,,,0.0,,,,,,,,,,,,,2e+15,
178,,4e+15,,,,,,,{},,,,,0.0,,2e+15,EDGE_MEMORY_AFFECTS_EVENT,,,
179,,4e+15,,,,,,,{},,,,,0.0,,1e+15,EDGE_EVENT_AFFECTS_SUBJECT,,,
180,,2e+15,,,,,,,{},,,,,0.0,,4e+15,EDGE_EVENT_AFFECTS_SUBJECT,,,
181,,,,mmap(read),,,,,,99.0,SOURCE_LINUX_AUDIT_TRACE,,1452.0,,-1.0,,EVENT_ACCEPT,,4e+15,
182,{u'source': u'SOURCE_LINUX_AUDIT_TRACE'},,,,,,,,,,,,,,,,,"""/lib/x86_64-linux-gnu/libresolv.so.2""",3e+15,1.0
183,,3e+15,,,,,,,{},,,,,0.0,,4e+15,EDGE_EVENT_AFFECTS_SUBJECT,,,
184,{u'source': u'SOURCE_LINUX_AUDIT_TRACE'},,,,,,,,,,,,,,,,,"""/lib/x86_64-linux-gnu/libresolv.so.2""",3e+15,1.0
185,,3e+15,,,,,,,{},,,,,0.0,,9e+15,EDGE_EVENT_AFFECTS_SUBJECT,,,
186,,,,read,,,,,,101.0,SOURCE_LINUX_AUDIT_TRACE,,1452.0,,-1.0,,EVENT_ACCEPT,,4e+15,
187,,3e+15,,,,,,,{},,,,,0.0,,4e+15,EDGE_EVENT_AFFECTS_SUBJECT,,,
188,,3e+15,,,,,,,{},,,,,0.0,,4e+15,EDGE_EVENT_AFFECTS_SUBJECT,,,
189,{u'source': u'SOURCE_LINUX_AUDIT_TRACE'},,1.40206715236e+14,,,0.0,,,,,,,,,,,,,2e+15,
190,,4e+15,,,,,,,{},,,,,0.0,,2e+15,EDGE_MEMORY_AFFECTS_EVENT,,,
191,,4e+15,,,,,,,{},,,,,0.0,,3e+15,EDGE_EVENT_AFFECTS_FILE,,,
192,,4e+15,,,,,,,{},,,,,0.0,,1e+15,EDGE_EVENT_AFFECTS_SUBJECT,,,
193,,2e+15,,,,,,,{},,,,,0.0,,4e+15,EDGE_EVENT_AFFECTS_SUBJECT,,,
194,,4e+15,,,,,,,{},,,,,0.0,,1e+15,EDGE_EVENT_AFFECTS_SUBJECT,,,
195,,4e+15,,,,,,,{},,,,,0.0,,1e+15,EDGE_EVENT_AFFECTS_SUBJECT,,,
196,{u'source': u'SOURCE_LINUX_AUDIT_TRACE'},,1.40206709092e+14,,,0.0,,,,,,,,,,,,,2e+15,
197,,4e+15,,,,,,,{},,,,,0.0,,2e+15,EDGE_MEMORY_AFFECTS_EVENT,,,
198,,4e+15,,,,,,,{},,,,,0.0,,1e+15,EDGE_EVENT_AFFECTS_SUBJECT,,,
199,,2e+15,,,,,,,{},,,,,0.0,,4e+15,EDGE_EVENT_AFFECTS_SUBJECT,,,
200,{u'source': u'SOURCE_LINUX_AUDIT_TRACE'},,,,,,,,,,,,,,,,,"""/lib/x86_64-linux-gnu/libc.so.6""",3e+15,1.0
201,,,,mmap(read),,,,,,103.0,SOURCE_LINUX_AUDIT_TRACE,,1450.0,,-1.0,,EVENT_ACCEPT,,4e+15,
202,,3e+15,,,,,,,{},,,,,0.0,,4e+15,EDGE_EVENT_AFFECTS_SUBJECT,,,
203,,,,mmap(read),,,,,,103.0,SOURCE_LINUX_AUDIT_TRACE,,1450.0,,-1.0,,EVENT_ACCEPT,,4e+15,
204,,3e+15,,,,,,,{},,,,,0.0,,9e+15,EDGE_EVENT_AFFECTS_SUBJECT,,,
205,,,,read,,,,,,105.0,SOURCE_LINUX_AUDIT_TRACE,,1450.0,,-1.0,,EVENT_ACCEPT,,4e+15,
206,,3e+15,,,,,,,{},,,,,0.0,,4e+15,EDGE_EVENT_AFFECTS_SUBJECT,,,
207,,3e+15,,,,,,,{},,,,,0.0,,4e+15,EDGE_EVENT_AFFECTS_SUBJECT,,,
208,{u'source': u'SOURCE_LINUX_AUDIT_TRACE'},,1.40206713e+14,,,0.0,,,,,,,,,,,,,2e+15,
209,,4e+15,,,,,,,{},,,,,0.0,,2e+15,EDGE_MEMORY_AFFECTS_EVENT,,,
210,,4e+15,,,,,,,{},,,,,0.0,,3e+15,EDGE_EVENT_AFFECTS_FILE,,,
211,,4e+15,,,,,,,{},,,,,0.0,,1e+15,EDGE_EVENT_AFFECTS_SUBJECT,,,
212,,2e+15,,,,,,,{},,,,,0.0,,4e+15,EDGE_EVENT_AFFECTS_SUBJECT,,,
213,{u'source': u'SOURCE_LINUX_AUDIT_TRACE'},,,,,,,,,,,,,,,,,"""/etc/nsswitch.conf""",3e+15,1.0
214,,,,read,,,,,,107.0,SOURCE_LINUX_AUDIT_TRACE,,1452.0,,-1.0,,EVENT_ACCEPT,,4e+15,
215,,3e+15,,,,,,,{},,,,,0.0,,4e+15,EDGE_EVENT_AFFECTS_SUBJECT,,,
216,,,,read,,,,,,109.0,SOURCE_LINUX_AUDIT_TRACE,,1452.0,,-1.0,,EVENT_ACCEPT,,4e+15,
217,,3e+15,,,,,,,{},,,,,0.0,,4e+15,EDGE_EVENT_AFFECTS_SUBJECT,,,
218,,3e+15,,,,,,,{},,,,,0.0,,4e+15,EDGE_EVENT_AFFECTS_SUBJECT,,,
219,,,,read,,,,,,109.0,SOURCE_LINUX_AUDIT_TRACE,,1452.0,,-1.0,,EVENT_ACCEPT,,4e+15,
220,,3e+15,,,,,,,{},,,,,0.0,,9e+15,EDGE_EVENT_AFFECTS_SUBJECT,,,
221,,3e+15,,,,,,,{},,,,,0.0,,4e+15,EDGE_EVENT_AFFECTS_SUBJECT,,,
222,,4e+15,,,,,,,{},,,,,0.0,,1e+15,EDGE_EVENT_AFFECTS_SUBJECT,,,
223,,4e+15,,,,,,,{},,,,,0.0,,1e+15,EDGE_EVENT_AFFECTS_SUBJECT,,,
224,,4e+15,,,,,,,{},,,,,0.0,,1e+15,EDGE_EVENT_AFFECTS_SUBJECT,,,
225,,4e+15,,,,,,,{},,,,,0.0,,1e+15,EDGE_EVENT_AFFECTS_SUBJECT,,,
226,{u'source': u'SOURCE_LINUX_AUDIT_TRACE'},,1.4020671957e+14,,,0.0,,,,,,,,,,,,,2e+15,
227,,4e+15,,,,,,,{},,,,,0.0,,2e+15,EDGE_MEMORY_AFFECTS_EVENT,,,
228,,4e+15,,,,,,,{},,,,,0.0,,1e+15,EDGE_EVENT_AFFECTS_SUBJECT,,,
229,,2e+15,,,,,,,{},,,,,0.0,,4e+15,EDGE_EVENT_AFFECTS_SUBJECT,,,
230,{u'source': u'SOURCE_LINUX_AUDIT_TRACE'},,1.4020671957e+14,,,0.0,,,,,,,,,,,,,2e+15,
231,,4e+15,,,,,,,{},,,,,0.0,,2e+15,EDGE_MEMORY_AFFECTS_EVENT,,,
232,,4e+15,,,,,,,{},,,,,0.0,,1e+15,EDGE_EVENT_AFFECTS_SUBJECT,,,
233,,2e+15,,,,,,,{},,,,,0.0,,4e+15,EDGE_EVENT_AFFECTS_SUBJECT,,,
234,{u'source': u'SOURCE_LINUX_AUDIT_TRACE'},,,,,,,,,,,,,,,,,"""/lib/x86_64-linux-gnu/libnss_files.so.2""",3e+15,1.0
235,,3e+15,,,,,,,{},,,,,0.0,,4e+15,EDGE_EVENT_AFFECTS_SUBJECT,,,
236,{u'source': u'SOURCE_LINUX_AUDIT_TRACE'},,,,,,,,,,,,,,,,,"""/lib/x86_64-linux-gnu/libnss_files.so.2""",3e+15,1.0
237,,3e+15,,,,,,,{},,,,,0.0,,9e+15,EDGE_EVENT_AFFECTS_SUBJECT,,,
238,,3e+15,,,,,,,{},,,,,0.0,,4e+15,EDGE_EVENT_AFFECTS_SUBJECT,,,
239,,4e+15,,,,,,,{},,,,,0.0,,1e+15,EDGE_EVENT_AFFECTS_SUBJECT,,,
240,,4e+15,,,,,,,{},,,,,0.0,,1e+15,EDGE_EVENT_AFFECTS_SUBJECT,,,
241,{u'source': u'SOURCE_LINUX_AUDIT_TRACE'},,1.40206706946e+14,,,0.0,,,,,,,,,,,,,2e+15,
242,,4e+15,,,,,,,{},,,,,0.0,,2e+15,EDGE_MEMORY_AFFECTS_EVENT,,,
243,,4e+15,,,,,,,{},,,,,0.0,,1e+15,EDGE_EVENT_AFFECTS_SUBJECT,,,
244,,2e+15,,,,,,,{},,,,,0.0,,4e+15,EDGE_EVENT_AFFECTS_SUBJECT,,,
245,,,,mmap(read),,,,,,111.0,SOURCE_LINUX_AUDIT_TRACE,,1452.0,,-1.0,,EVENT_ACCEPT,,4e+15,
246,{u'source': u'SOURCE_LINUX_AUDIT_TRACE'},,,,,,,,,,,,,,,,,"""/lib/x86_64-linux-gnu/libnss_files.so.2""",3e+15,1.0
247,,3e+15,,,,,,,{},,,,,0.0,,4e+15,EDGE_EVENT_AFFECTS_SUBJECT,,,
248,{u'source': u'SOURCE_LINUX_AUDIT_TRACE'},,,,,,,,,,,,,,,,,"""/lib/x86_64-linux-gnu/libnss_files.so.2""",3e+15,1.0
249,,3e+15,,,,,,,{},,,,,0.0,,9e+15,EDGE_EVENT_AFFECTS_SUBJECT,,,
250,,,,read,,,,,,113.0,SOURCE_LINUX_AUDIT_TRACE,,1452.0,,-1.0,,EVENT_ACCEPT,,4e+15,
251,,3e+15,,,,,,,{},,,,,0.0,,4e+15,EDGE_EVENT_AFFECTS_SUBJECT,,,
252,,3e+15,,,,,,,{},,,,,0.0,,4e+15,EDGE_EVENT_AFFECTS_SUBJECT,,,
253,{u'source': u'SOURCE_LINUX_AUDIT_TRACE'},,1.40206709084e+14,,,0.0,,,,,,,,,,,,,2e+15,
254,,4e+15,,,,,,,{},,,,,0.0,,2e+15,EDGE_MEMORY_AFFECTS_EVENT,,,
255,,4e+15,,,,,,,{},,,,,0.0,,3e+15,EDGE_EVENT_AFFECTS_FILE,,,
256,,4e+15,,,,,,,{},,,,,0.0,,1e+15,EDGE_EVENT_AFFECTS_SUBJECT,,,
257,,2e+15,,,,,,,{},,,,,0.0,,4e+15,EDGE_EVENT_AFFECTS_SUBJECT,,,
258,{u'source': u'SOURCE_LINUX_AUDIT_TRACE'},,,,,,,,,,,,,,,,,"""/etc/services""",3e+15,1.0
259,,,,read,,,,,,115.0,SOURCE_LINUX_AUDIT_TRACE,,1452.0,,-1.0,,EVENT_ACCEPT,,4e+15,
260,,3e+15,,,,,,,{},,,,,0.0,,4e+15,EDGE_EVENT_AFFECTS_SUBJECT,,,
261,,,,read,,,,,,117.0,SOURCE_LINUX_AUDIT_TRACE,,1452.0,,-1.0,,EVENT_ACCEPT,,4e+15,
262,,3e+15,,,,,,,{},,,,,0.0,,4e+15,EDGE_EVENT_AFFECTS_SUBJECT,,,
263,,,,read,,,,,,119.0,SOURCE_LINUX_AUDIT_TRACE,,1452.0,,-1.0,,EVENT_ACCEPT,,4e+15,
264,,3e+15,,,,,,,{},,,,,0.0,,4e+15,EDGE_EVENT_AFFECTS_SUBJECT,,,
265,,,,read,,,,,,121.0,SOURCE_LINUX_AUDIT_TRACE,,1452.0,,-1.0,,EVENT_ACCEPT,,4e+15,
266,,3e+15,,,,,,,{},,,,,0.0,,4e+15,EDGE_EVENT_AFFECTS_SUBJECT,,,
267,,,,read,,,,,,123.0,SOURCE_LINUX_AUDIT_TRACE,,1452.0,,-1.0,,EVENT_ACCEPT,,4e+15,
268,,3e+15,,,,,,,{},,,,,0.0,,4e+15,EDGE_EVENT_AFFECTS_SUBJECT,,,
269,,,,read,,,,,,125.0,SOURCE_LINUX_AUDIT_TRACE,,1452.0,,-1.0,,EVENT_ACCEPT,,4e+15,
270,,3e+15,,,,,,,{},,,,,0.0,,4e+15,EDGE_EVENT_AFFECTS_SUBJECT,,,
271,,3e+15,,,,,,,{},,,,,0.0,,4e+15,EDGE_EVENT_AFFECTS_SUBJECT,,,
272,,3e+15,,,,,,,{},,,,,0.0,,4e+15,EDGE_EVENT_AFFECTS_SUBJECT,,,
273,,3e+15,,,,,,,{},,,,,0.0,,4e+15,EDGE_EVENT_AFFECTS_SUBJECT,,,
274,,3e+15,,,,,,,{},,,,,0.0,,4e+15,EDGE_EVENT_AFFECTS_SUBJECT,,,
275,,3e+15,,,,,,,{},,,,,0.0,,4e+15,EDGE_EVENT_AFFECTS_SUBJECT,,,
276,,,,read,,,,,,125.0,SOURCE_LINUX_AUDIT_TRACE,,1452.0,,-1.0,,EVENT_ACCEPT,,4e+15,
277,,3e+15,,,,,,,{},,,,,0.0,,9e+15,EDGE_EVENT_AFFECTS_SUBJECT,,,
278,,3e+15,,,,,,,{},,,,,0.0,,4e+15,EDGE_EVENT_AFFECTS_SUBJECT,,,
279,,4e+15,,,,,,,{},,,,,0.0,,1e+15,EDGE_EVENT_AFFECTS_SUBJECT,,,
280,,4e+15,,,,,,,{},,,,,0.0,,1e+15,EDGE_EVENT_AFFECTS_SUBJECT,,,
281,,4e+15,,,,,,,{},,,,,0.0,,1e+15,EDGE_EVENT_AFFECTS_SUBJECT,,,
282,,4e+15,,,,,,,{},,,,,0.0,,1e+15,EDGE_EVENT_AFFECTS_SUBJECT,,,
283,,4e+15,,,,,,,{},,,,,0.0,,1e+15,EDGE_EVENT_AFFECTS_SUBJECT,,,
284,,4e+15,,,,,,,{},,,,,0.0,,1e+15,EDGE_EVENT_AFFECTS_SUBJECT,,,
285,,4e+15,,,,,,,{},,,,,0.0,,1e+15,EDGE_EVENT_AFFECTS_SUBJECT,,,
286,,4e+15,,,,,,,{},,,,,0.0,,1e+15,EDGE_EVENT_AFFECTS_SUBJECT,,,
287,,4e+15,,,,,,,{},,,,,0.0,,1e+15,EDGE_EVENT_AFFECTS_SUBJECT,,,
288,,4e+15,,,,,,,{},,,,,0.0,,1e+15,EDGE_EVENT_AFFECTS_SUBJECT,,,
289,,4e+15,,,,,,,{},,,,,0.0,,1e+15,EDGE_EVENT_AFFECTS_SUBJECT,,,
290,,4e+15,,,,,,,{},,,,,0.0,,1e+15,EDGE_EVENT_AFFECTS_SUBJECT,,,
291,,,,read,,,,,,125.0,SOURCE_LINUX_AUDIT_TRACE,,1452.0,,-1.0,,EVENT_ACCEPT,,4e+15,
292,{u'source': u'SOURCE_LINUX_AUDIT_TRACE'},,,,,,,,,,,,,,,,,"""screengrab""",3e+15,1.0
293,,3e+15,,,,,,,{},,,,,0.0,,9e+15,EDGE_EVENT_AFFECTS_SUBJECT,,,
294,,4e+15,,,,,,,{},,,,,0.0,,3e+15,EDGE_EVENT_AFFECTS_FILE,,,
295,,4e+15,,,,,,,{},,,,,0.0,,1e+15,EDGE_EVENT_AFFECTS_SUBJECT,,,
296,,9e+15,,,,,,,{},,,,,0.0,,9e+15,EDGE_EVENT_AFFECTS_SUBJECT,,,
297,,9e+15,,,,,,,{},,,,,0.0,,9e+15,EDGE_EVENT_AFFECTS_SUBJECT,,,
298,,9e+15,,,,,,,{},,,,,0.0,,9e+15,EDGE_EVENT_AFFECTS_SUBJECT,,,
299,,9e+15,,,,,,,{},,,,,0.0,,9e+15,EDGE_EVENT_AFFECTS_SUBJECT,,,
300,,9e+15,,,,,,,{},,,,,0.0,,9e+15,EDGE_EVENT_AFFECTS_SUBJECT,,,
301,,9e+15,,,,,,,{},,,,,0.0,,9e+15,EDGE_EVENT_AFFECTS_SUBJECT,,,
302,,9e+15,,,,,,,{},,,,,0.0,,9e+15,EDGE_EVENT_AFFECTS_SUBJECT,,,
303,{u'source': u'SOURCE_LINUX_AUDIT_TRACE'},,,,,,,,,,,,,,,,,"""screengrab""",3e+15,1.0
304,{u'source': u'SOURCE_LINUX_AUDIT_TRACE'},,,,,,,,,,,,,,,,,"""screengrab""",3e+15,1.0
305,,3e+15,,,,,,,{},,,,,0.0,,9e+15,EDGE_EVENT_AFFECTS_SUBJECT,,,
306,,4e+15,,,,,,,{},,,,,0.0,,3e+15,EDGE_EVENT_AFFECTS_FILE,,,
307,,4e+15,,,,,,,{},,,,,0.0,,1e+15,EDGE_EVENT_AFFECTS_SUBJECT,,,
308,,9e+15,,,,,,,{},,,,,0.0,,9e+15,EDGE_EVENT_AFFECTS_SUBJECT,,,
309,,9e+15,,,,,,,{},,,,,0.0,,9e+15,EDGE_EVENT_AFFECTS_SUBJECT,,,
310,,9e+15,,,,,,,{},,,,,0.0,,9e+15,EDGE_EVENT_AFFECTS_SUBJECT,,,
311,,9e+15,,,,,,,{},,,,,0.0,,9e+15,EDGE_EVENT_AFFECTS_SUBJECT,,,
312,,9e+15,,,,,,,{},,,,,0.0,,9e+15,EDGE_EVENT_AFFECTS_SUBJECT,,,
313,,9e+15,,,,,,,{},,,,,0.0,,9e+15,EDGE_EVENT_AFFECTS_SUBJECT,,,
314,,9e+15,,,,,,,{},,,,,0.0,,9e+15,EDGE_EVENT_AFFECTS_SUBJECT,,,
315,{u'source': u'SOURCE_LINUX_AUDIT_TRACE'},,,,,,,,,,,,,,,,,"""screengrab""",3e+15,1.0
316,{u'source': u'SOURCE_LINUX_AUDIT_TRACE'},,,,,,,,,,,,,,,,,"""screengrab""",3e+15,1.0
317,,3e+15,,,,,,,{},,,,,0.0,,9e+15,EDGE_EVENT_AFFECTS_SUBJECT,,,
318,,4e+15,,,,,,,{},,,,,0.0,,3e+15,EDGE_EVENT_AFFECTS_FILE,,,
319,,4e+15,,,,,,,{},,,,,0.0,,1e+15,EDGE_EVENT_AFFECTS_SUBJECT,,,
320,,9e+15,,,,,,,{},,,,,0.0,,9e+15,EDGE_EVENT_AFFECTS_SUBJECT,,,
321,,9e+15,,,,,,,{},,,,,0.0,,9e+15,EDGE_EVENT_AFFECTS_SUBJECT,,,
322,,9e+15,,,,,,,{},,,,,0.0,,9e+15,EDGE_EVENT_AFFECTS_SUBJECT,,,
323,,9e+15,,,,,,,{},,,,,0.0,,9e+15,EDGE_EVENT_AFFECTS_SUBJECT,,,
324,,9e+15,,,,,,,{},,,,,0.0,,9e+15,EDGE_EVENT_AFFECTS_SUBJECT,,,
325,,9e+15,,,,,,,{},,,,,0.0,,9e+15,EDGE_EVENT_AFFECTS_SUBJECT,,,
326,,9e+15,,,,,,,{},,,,,0.0,,9e+15,EDGE_EVENT_AFFECTS_SUBJECT,,,
327,{u'source': u'SOURCE_LINUX_AUDIT_TRACE'},,,,,,,,,,,,,,,,,"""screengrab""",3e+15,1.0
328,{u'source': u'SOURCE_LINUX_AUDIT_TRACE'},,,,,,,,,,,,,,,,,"""screengrab""",3e+15,1.0
329,,3e+15,,,,,,,{},,,,,0.0,,9e+15,EDGE_EVENT_AFFECTS_SUBJECT,,,
330,,4e+15,,,,,,,{},,,,,0.0,,3e+15,EDGE_EVENT_AFFECTS_FILE,,,
331,,4e+15,,,,,,,{},,,,,0.0,,1e+15,EDGE_EVENT_AFFECTS_SUBJECT,,,
332,,9e+15,,,,,,,{},,,,,0.0,,9e+15,EDGE_EVENT_AFFECTS_SUBJECT,,,
333,,9e+15,,,,,,,{},,,,,0.0,,9e+15,EDGE_EVENT_AFFECTS_SUBJECT,,,
334,,9e+15,,,,,,,{},,,,,0.0,,9e+15,EDGE_EVENT_AFFECTS_SUBJECT,,,
335,,9e+15,,,,,,,{},,,,,0.0,,9e+15,EDGE_EVENT_AFFECTS_SUBJECT,,,
336,,9e+15,,,,,,,{},,,,,0.0,,9e+15,EDGE_EVENT_AFFECTS_SUBJECT,,,
337,,9e+15,,,,,,,{},,,,,0.0,,9e+15,EDGE_EVENT_AFFECTS_SUBJECT,,,
338,,9e+15,,,,,,,{},,,,,0.0,,9e+15,EDGE_EVENT_AFFECTS_SUBJECT,,,
339,{u'source': u'SOURCE_LINUX_AUDIT_TRACE'},,,,,,,,,,,,,,,,,"""screengrab""",3e+15,1.0
340,{u'source': u'SOURCE_LINUX_AUDIT_TRACE'},,,,,,,,,,,,,,,,,"""screengrab""",3e+15,1.0
341,,3e+15,,,,,,,{},,,,,0.0,,9e+15,EDGE_EVENT_AFFECTS_SUBJECT,,,
342,,4e+15,,,,,,,{},,,,,0.0,,3e+15,EDGE_EVENT_AFFECTS_FILE,,,
343,,4e+15,,,,,,,{},,,,,0.0,,1e+15,EDGE_EVENT_AFFECTS_SUBJECT,,,
344,,9e+15,,,,,,,{},,,,,0.0,,9e+15,EDGE_EVENT_AFFECTS_SUBJECT,,,
345,,9e+15,,,,,,,{},,,,,0.0,,9e+15,EDGE_EVENT_AFFECTS_SUBJECT,,,
346,,9e+15,,,,,,,{},,,,,0.0,,9e+15,EDGE_EVENT_AFFECTS_SUBJECT,,,
347,,9e+15,,,,,,,{},,,,,0.0,,9e+15,EDGE_EVENT_AFFECTS_SUBJECT,,,
348,,9e+15,,,,,,,{},,,,,0.0,,9e+15,EDGE_EVENT_AFFECTS_SUBJECT,,,
349,,9e+15,,,,,,,{},,,,,0.0,,9e+15,EDGE_EVENT_AFFECTS_SUBJECT,,,
350,,9e+15,,,,,,,{},,,,,0.0,,9e+15,EDGE_EVENT_AFFECTS_SUBJECT,,,
351,{u'source': u'SOURCE_LINUX_AUDIT_TRACE'},,,,,,,,,,,,,,,,,"""screengrab""",3e+15,1.0
352,{u'source': u'SOURCE_LINUX_AUDIT_TRACE'},,,,,,,,,,,,,,,,,"""screengrab""",3e+15,1.0
353,,3e+15,,,,,,,{},,,,,0.0,,9e+15,EDGE_EVENT_AFFECTS_SUBJECT,,,
354,,4e+15,,,,,,,{},,,,,0.0,,3e+15,EDGE_EVENT_AFFECTS_FILE,,,
355,,4e+15,,,,,,,{},,,,,0.0,,1e+15,EDGE_EVENT_AFFECTS_SUBJECT,,,
356,,9e+15,,,,,,,{},,,,,0.0,,9e+15,EDGE_EVENT_AFFECTS_SUBJECT,,,
357,,9e+15,,,,,,,{},,,,,0.0,,9e+15,EDGE_EVENT_AFFECTS_SUBJECT,,,
358,,9e+15,,,,,,,{},,,,,0.0,,9e+15,EDGE_EVENT_AFFECTS_SUBJECT,,,
359,,9e+15,,,,,,,{},,,,,0.0,,9e+15,EDGE_EVENT_AFFECTS_SUBJECT,,,
360,,9e+15,,,,,,,{},,,,,0.0,,9e+15,EDGE_EVENT_AFFECTS_SUBJECT,,,
361,,9e+15,,,,,,,{},,,,,0.0,,9e+15,EDGE_EVENT_AFFECTS_SUBJECT,,,
362,,9e+15,,,,,,,{},,,,,0.0,,9e+15,EDGE_EVENT_AFFECTS_SUBJECT,,,
363,{u'source': u'SOURCE_LINUX_AUDIT_TRACE'},,,,,,,,,,,,,,,,,"""screengrab""",3e+15,1.0
364,{u'source': u'SOURCE_LINUX_AUDIT_TRACE'},,,,,,,,,,,,,,,,,"""screengrab""",3e+15,1.0
365,,3e+15,,,,,,,{},,,,,0.0,,9e+15,EDGE_EVENT_AFFECTS_SUBJECT,,,
366,,4e+15,,,,,,,{},,,,,0.0,,3e+15,EDGE_EVENT_AFFECTS_FILE,,,
367,,4e+15,,,,,,,{},,,,,0.0,,1e+15,EDGE_EVENT_AFFECTS_SUBJECT,,,
368,,9e+15,,,,,,,{},,,,,0.0,,9e+15,EDGE_EVENT_AFFECTS_SUBJECT,,,
369,,9e+15,,,,,,,{},,,,,0.0,,9e+15,EDGE_EVENT_AFFECTS_SUBJECT,,,
370,,9e+15,,,,,,,{},,,,,0.0,,9e+15,EDGE_EVENT_AFFECTS_SUBJECT,,,
371,,9e+15,,,,,,,{},,,,,0.0,,9e+15,EDGE_EVENT_AFFECTS_SUBJECT,,,
372,,9e+15,,,,,,,{},,,,,0.0,,9e+15,EDGE_EVENT_AFFECTS_SUBJECT,,,
373,,9e+15,,,,,,,{},,,,,0.0,,9e+15,EDGE_EVENT_AFFECTS_SUBJECT,,,
374,,9e+15,,,,,,,{},,,,,0.0,,9e+15,EDGE_EVENT_AFFECTS_SUBJECT,,,
375,,,,,"client.sh,1450,ffff880009dbce80",,1450.0,1448.0,,,SOURCE_LINUX_AUDIT_TRACE,-1.0,,,,,SUBJECT_PROCESS,,1e+15,
376,,,,execve,,,,,,127.0,SOURCE_LINUX_AUDIT_TRACE,,1450.0,,-1.0,,EVENT_ACCEPT,,4e+15,
377,,1e+15,,,,,,,{},,,,,0.0,,4e+15,EDGE_SUBJECT_AFFECTS_EVENT,,,
378,,4e+15,,,,,,,{},,,,,0.0,,1e+15,EDGE_EVENT_AFFECTS_SUBJECT,,,
379,,4e+15,,,,,,,{},,,,,0.0,,1e+15,EDGE_EVENT_AFFECTS_SUBJECT,,,
380,{u'source': u'SOURCE_LINUX_AUDIT_TRACE'},,,,,,,,,,,,,,,,,chmod,3e+15,1.0
381,,3e+15,,,,,,,{},,,,,0.0,,4e+15,EDGE_EVENT_AFFECTS_SUBJECT,,,
382,,,,,"chmod,1450,ffff880009dbce80",,1450.0,1448.0,,,SOURCE_LINUX_AUDIT_TRACE,-1.0,,,,,SUBJECT_PROCESS,,1e+15,
383,,,,mmap(read),,,,,,129.0,SOURCE_LINUX_AUDIT_TRACE,,1450.0,,-1.0,,EVENT_ACCEPT,,4e+15,
384,,1e+15,,,,,,,{},,,,,0.0,,4e+15,EDGE_SUBJECT_AFFECTS_EVENT,,,
385,,,,mmap(read/write),,,,,,131.0,SOURCE_LINUX_AUDIT_TRACE,,1450.0,,-1.0,,EVENT_ACCEPT,,4e+15,
386,,1e+15,,,,,,,{},,,,,0.0,,4e+15,EDGE_SUBJECT_AFFECTS_EVENT,,,
387,,1e+15,,,,,,,{},,,,,0.0,,4e+15,EDGE_SUBJECT_AFFECTS_EVENT,,,
388,,1e+15,,,,,,,{},,,,,0.0,,4e+15,EDGE_SUBJECT_AFFECTS_EVENT,,,
389,,1e+15,,,,,,,{},,,,,0.0,,4e+15,EDGE_SUBJECT_AFFECTS_EVENT,,,
390,,4e+15,,,,,,,{},,,,,0.0,,1e+15,EDGE_EVENT_AFFECTS_SUBJECT,,,
391,,4e+15,,,,,,,{},,,,,0.0,,1e+15,EDGE_EVENT_AFFECTS_SUBJECT,,,
392,{u'source': u'SOURCE_LINUX_AUDIT_TRACE'},,1.40242888954e+14,,,0.0,,,,,,,,,,,,,2e+15,
393,,4e+15,,,,,,,{},,,,,0.0,,2e+15,EDGE_MEMORY_AFFECTS_EVENT,,,
394,,4e+15,,,,,,,{},,,,,0.0,,1e+15,EDGE_EVENT_AFFECTS_SUBJECT,,,
395,,2e+15,,,,,,,{},,,,,0.0,,4e+15,EDGE_EVENT_AFFECTS_SUBJECT,,,
396,,4e+15,,,,,,,{},,,,,0.0,,1e+15,EDGE_EVENT_AFFECTS_SUBJECT,,,
397,,4e+15,,,,,,,{},,,,,0.0,,1e+15,EDGE_EVENT_AFFECTS_SUBJECT,,,
398,{u'source': u'SOURCE_LINUX_AUDIT_TRACE'},,1.40242882843e+14,,,0.0,,,,,,,,,,,,,2e+15,
399,,4e+15,,,,,,,{},,,,,0.0,,2e+15,EDGE_MEMORY_AFFECTS_EVENT,,,
400,,4e+15,,,,,,,{},,,,,0.0,,1e+15,EDGE_EVENT_AFFECTS_SUBJECT,,,
401,,2e+15,,,,,,,{},,,,,0.0,,4e+15,EDGE_EVENT_AFFECTS_SUBJECT,,,
402,{u'source': u'SOURCE_LINUX_AUDIT_TRACE'},,,,,,,,,,,,,,,,,"""/lib/x86_64-linux-gnu/libc.so.6""",3e+15,1.0
403,,,,mmap(read),,,,,,133.0,SOURCE_LINUX_AUDIT_TRACE,,1451.0,,-1.0,,EVENT_ACCEPT,,4e+15,
404,,3e+15,,,,,,,{},,,,,0.0,,4e+15,EDGE_EVENT_AFFECTS_SUBJECT,,,
405,,,,mmap(read),,,,,,133.0,SOURCE_LINUX_AUDIT_TRACE,,1451.0,,-1.0,,EVENT_ACCEPT,,4e+15,
406,,3e+15,,,,,,,{},,,,,0.0,,9e+15,EDGE_EVENT_AFFECTS_SUBJECT,,,
407,,,,read,,,,,,135.0,SOURCE_LINUX_AUDIT_TRACE,,1451.0,,-1.0,,EVENT_ACCEPT,,4e+15,
408,,3e+15,,,,,,,{},,,,,0.0,,4e+15,EDGE_EVENT_AFFECTS_SUBJECT,,,
409,,3e+15,,,,,,,{},,,,,0.0,,4e+15,EDGE_EVENT_AFFECTS_SUBJECT,,,
410,{u'source': u'SOURCE_LINUX_AUDIT_TRACE'},,1.4024288675e+14,,,0.0,,,,,,,,,,,,,2e+15,
411,,4e+15,,,,,,,{},,,,,0.0,,2e+15,EDGE_MEMORY_AFFECTS_EVENT,,,
412,,4e+15,,,,,,,{},,,,,0.0,,3e+15,EDGE_EVENT_AFFECTS_FILE,,,
413,,4e+15,,,,,,,{},,,,,0.0,,1e+15,EDGE_EVENT_AFFECTS_SUBJECT,,,
414,,2e+15,,,,,,,{},,,,,0.0,,4e+15,EDGE_EVENT_AFFECTS_SUBJECT,,,
415,{u'source': u'SOURCE_LINUX_AUDIT_TRACE'},,,,,,,,,,,,,,,,,0x7f8cd74f2250,3e+15,1.0
416,,3e+15,,,,,,,{},,,,,0.0,,4e+15,EDGE_EVENT_AFFECTS_SUBJECT,,,
417,{u'source': u'SOURCE_LINUX_AUDIT_TRACE'},,1.40242887332e+14,,,0.0,,,,,,,,,,,,,2e+15,
418,,4e+15,,,,,,,{},,,,,0.0,,2e+15,EDGE_MEMORY_AFFECTS_EVENT,,,
419,,4e+15,,,,,,,{},,,,,0.0,,1e+15,EDGE_EVENT_AFFECTS_SUBJECT,,,
420,,2e+15,,,,,,,{},,,,,0.0,,4e+15,EDGE_EVENT_AFFECTS_SUBJECT,,,
421,,,,,"client.sh,1451,ffff880009dbd850",,1451.0,1448.0,,,SOURCE_LINUX_AUDIT_TRACE,-1.0,,,,,SUBJECT_PROCESS,,1e+15,
422,,,,execve,,,,,,137.0,SOURCE_LINUX_AUDIT_TRACE,,1451.0,,-1.0,,EVENT_ACCEPT,,4e+15,
423,,1e+15,,,,,,,{},,,,,0.0,,4e+15,EDGE_SUBJECT_AFFECTS_EVENT,,,
424,,4e+15,,,,,,,{},,,,,0.0,,1e+15,EDGE_EVENT_AFFECTS_SUBJECT,,,
425,,4e+15,,,,,,,{},,,,,0.0,,1e+15,EDGE_EVENT_AFFECTS_SUBJECT,,,
426,{u'source': u'SOURCE_LINUX_AUDIT_TRACE'},,,,,,,,,,,,,,,,,screengrab,3e+15,1.0
427,,3e+15,,,,,,,{},,,,,0.0,,4e+15,EDGE_EVENT_AFFECTS_SUBJECT,,,
428,,,,recvfrom,,,,,,139.0,SOURCE_LINUX_AUDIT_TRACE,,1451.0,,-1.0,,EVENT_ACCEPT,,4e+15,
429,,,,,"screengrab,1451,ffff880009dbd850",,1451.0,1448.0,,,SOURCE_LINUX_AUDIT_TRACE,-1.0,,,,,SUBJECT_PROCESS,,1e+15,
430,,1e+15,,,,,,,{},,,,,0.0,,4e+15,EDGE_SUBJECT_AFFECTS_EVENT,,,
431,,,,recvfrom,,,,,,141.0,SOURCE_LINUX_AUDIT_TRACE,,1451.0,,-1.0,,EVENT_ACCEPT,,4e+15,
432,,1e+15,,,,,,,{},,,,,0.0,,4e+15,EDGE_SUBJECT_AFFECTS_EVENT,,,
433,,,,recvfrom,,,,,,143.0,SOURCE_LINUX_AUDIT_TRACE,,1451.0,,-1.0,,EVENT_ACCEPT,,4e+15,
434,,1e+15,,,,,,,{},,,,,0.0,,4e+15,EDGE_SUBJECT_AFFECTS_EVENT,,,
435,,,,recvfrom,,,,,,145.0,SOURCE_LINUX_AUDIT_TRACE,,1451.0,,-1.0,,EVENT_ACCEPT,,4e+15,
436,,1e+15,,,,,,,{},,,,,0.0,,4e+15,EDGE_SUBJECT_AFFECTS_EVENT,,,
437,,,,read,,,,,,147.0,SOURCE_LINUX_AUDIT_TRACE,,1451.0,,-1.0,,EVENT_ACCEPT,,4e+15,
438,,1e+15,,,,,,,{},,,,,0.0,,4e+15,EDGE_SUBJECT_AFFECTS_EVENT,,,
439,,,,read,,,,,,149.0,SOURCE_LINUX_AUDIT_TRACE,,1451.0,,-1.0,,EVENT_ACCEPT,,4e+15,
440,,1e+15,,,,,,,{},,,,,0.0,,4e+15,EDGE_SUBJECT_AFFECTS_EVENT,,,
441,,,,mmap(read/write),,,,,,151.0,SOURCE_LINUX_AUDIT_TRACE,,1451.0,,-1.0,,EVENT_ACCEPT,,4e+15,
442,,1e+15,,,,,,,{},,,,,0.0,,4e+15,EDGE_SUBJECT_AFFECTS_EVENT,,,
443,,,,mmap(read),,,,,,153.0,SOURCE_LINUX_AUDIT_TRACE,,1451.0,,-1.0,,EVENT_ACCEPT,,4e+15,
444,,1e+15,,,,,,,{},,,,,0.0,,4e+15,EDGE_SUBJECT_AFFECTS_EVENT,,,
445,,,,read,,,,,,155.0,SOURCE_LINUX_AUDIT_TRACE,,1451.0,,-1.0,,EVENT_ACCEPT,,4e+15,
446,,1e+15,,,,,,,{},,,,,0.0,,4e+15,EDGE_SUBJECT_AFFECTS_EVENT,,,
447,,,,mmap(read/write),,,,,,157.0,SOURCE_LINUX_AUDIT_TRACE,,1451.0,,-1.0,,EVENT_ACCEPT,,4e+15,
448,,1e+15,,,,,,,{},,,,,0.0,,4e+15,EDGE_SUBJECT_AFFECTS_EVENT,,,
449,,,,mmap(read),,,,,,159.0,SOURCE_LINUX_AUDIT_TRACE,,1451.0,,-1.0,,EVENT_ACCEPT,,4e+15,
450,,1e+15,,,,,,,{},,,,,0.0,,4e+15,EDGE_SUBJECT_AFFECTS_EVENT,,,
451,,,,read,,,,,,161.0,SOURCE_LINUX_AUDIT_TRACE,,1451.0,,-1.0,,EVENT_ACCEPT,,4e+15,
452,,1e+15,,,,,,,{},,,,,0.0,,4e+15,EDGE_SUBJECT_AFFECTS_EVENT,,,
453,,,,mmap(read/write),,,,,,163.0,SOURCE_LINUX_AUDIT_TRACE,,1451.0,,-1.0,,EVENT_ACCEPT,,4e+15,
454,,1e+15,,,,,,,{},,,,,0.0,,4e+15,EDGE_SUBJECT_AFFECTS_EVENT,,,
455,,1e+15,,,,,,,{},,,,,0.0,,4e+15,EDGE_SUBJECT_AFFECTS_EVENT,,,
456,,,,read,,,,,,165.0,SOURCE_LINUX_AUDIT_TRACE,,1451.0,,-1.0,,EVENT_ACCEPT,,4e+15,
457,,1e+15,,,,,,,{},,,,,0.0,,4e+15,EDGE_SUBJECT_AFFECTS_EVENT,,,
458,,,,mmap(read),,,,,,167.0,SOURCE_LINUX_AUDIT_TRACE,,1451.0,,-1.0,,EVENT_ACCEPT,,4e+15,
459,,1e+15,,,,,,,{},,,,,0.0,,4e+15,EDGE_SUBJECT_AFFECTS_EVENT,,,
460,,,,mmap(read/write),,,,,,169.0,SOURCE_LINUX_AUDIT_TRACE,,1451.0,,-1.0,,EVENT_ACCEPT,,4e+15,
461,,1e+15,,,,,,,{},,,,,0.0,,4e+15,EDGE_SUBJECT_AFFECTS_EVENT,,,
462,,,,read,,,,,,171.0,SOURCE_LINUX_AUDIT_TRACE,,1451.0,,-1.0,,EVENT_ACCEPT,,4e+15,
463,,1e+15,,,,,,,{},,,,,0.0,,4e+15,EDGE_SUBJECT_AFFECTS_EVENT,,,
464,,,,mmap(read),,,,,,173.0,SOURCE_LINUX_AUDIT_TRACE,,1451.0,,-1.0,,EVENT_ACCEPT,,4e+15,
465,,1e+15,,,,,,,{},,,,,0.0,,4e+15,EDGE_SUBJECT_AFFECTS_EVENT,,,
466,,,,mmap(read/write),,,,,,175.0,SOURCE_LINUX_AUDIT_TRACE,,1451.0,,-1.0,,EVENT_ACCEPT,,4e+15,
467,,1e+15,,,,,,,{},,,,,0.0,,4e+15,EDGE_SUBJECT_AFFECTS_EVENT,,,
468,,1e+15,,,,,,,{},,,,,0.0,,4e+15,EDGE_SUBJECT_AFFECTS_EVENT,,,
469,,1e+15,,,,,,,{},,,,,0.0,,4e+15,EDGE_SUBJECT_AFFECTS_EVENT,,,
470,,,,mmap(read/write),,,,,,177.0,SOURCE_LINUX_AUDIT_TRACE,,1451.0,,-1.0,,EVENT_ACCEPT,,4e+15,
471,,1e+15,,,,,,,{},,,,,0.0,,4e+15,EDGE_SUBJECT_AFFECTS_EVENT,,,
472,,,,read,,,,,,179.0,SOURCE_LINUX_AUDIT_TRACE,,1451.0,,-1.0,,EVENT_ACCEPT,,4e+15,
473,,1e+15,,,,,,,{},,,,,0.0,,4e+15,EDGE_SUBJECT_AFFECTS_EVENT,,,
474,,,,mmap(read),,,,,,181.0,SOURCE_LINUX_AUDIT_TRACE,,1451.0,,-1.0,,EVENT_ACCEPT,,4e+15,
475,,1e+15,,,,,,,{},,,,,0.0,,4e+15,EDGE_SUBJECT_AFFECTS_EVENT,,,
476,,,,mmap(read/write),,,,,,183.0,SOURCE_LINUX_AUDIT_TRACE,,1451.0,,-1.0,,EVENT_ACCEPT,,4e+15,
477,,1e+15,,,,,,,{},,,,,0.0,,4e+15,EDGE_SUBJECT_AFFECTS_EVENT,,,
478,,,,read,,,,,,185.0,SOURCE_LINUX_AUDIT_TRACE,,1451.0,,-1.0,,EVENT_ACCEPT,,4e+15,
479,,1e+15,,,,,,,{},,,,,0.0,,4e+15,EDGE_SUBJECT_AFFECTS_EVENT,,,
480,,,,mmap(read),,,,,,187.0,SOURCE_LINUX_AUDIT_TRACE,,1451.0,,-1.0,,EVENT_ACCEPT,,4e+15,
481,,1e+15,,,,,,,{},,,,,0.0,,4e+15,EDGE_SUBJECT_AFFECTS_EVENT,,,
482,,,,mmap(read/write),,,,,,189.0,SOURCE_LINUX_AUDIT_TRACE,,1451.0,,-1.0,,EVENT_ACCEPT,,4e+15,
483,,1e+15,,,,,,,{},,,,,0.0,,4e+15,EDGE_SUBJECT_AFFECTS_EVENT,,,
484,,,,read,,,,,,191.0,SOURCE_LINUX_AUDIT_TRACE,,1451.0,,-1.0,,EVENT_ACCEPT,,4e+15,
485,,1e+15,,,,,,,{},,,,,0.0,,4e+15,EDGE_SUBJECT_AFFECTS_EVENT,,,
486,,,,mmap(read),,,,,,193.0,SOURCE_LINUX_AUDIT_TRACE,,1451.0,,-1.0,,EVENT_ACCEPT,,4e+15,
487,,1e+15,,,,,,,{},,,,,0.0,,4e+15,EDGE_SUBJECT_AFFECTS_EVENT,,,
488,,,,mmap(read/write),,,,,,195.0,SOURCE_LINUX_AUDIT_TRACE,,1451.0,,-1.0,,EVENT_ACCEPT,,4e+15,
489,,1e+15,,,,,,,{},,,,,0.0,,4e+15,EDGE_SUBJECT_AFFECTS_EVENT,,,
490,,,,read,,,,,,197.0,SOURCE_LINUX_AUDIT_TRACE,,1451.0,,-1.0,,EVENT_ACCEPT,,4e+15,
491,,1e+15,,,,,,,{},,,,,0.0,,4e+15,EDGE_SUBJECT_AFFECTS_EVENT,,,
492,,,,mmap(read),,,,,,199.0,SOURCE_LINUX_AUDIT_TRACE,,1451.0,,-1.0,,EVENT_ACCEPT,,4e+15,
493,,1e+15,,,,,,,{},,,,,0.0,,4e+15,EDGE_SUBJECT_AFFECTS_EVENT,,,
494,,4e+15,,,,,,,{},,,,,0.0,,1e+15,EDGE_EVENT_AFFECTS_SUBJECT,,,
495,,4e+15,,,,,,,{},,,,,0.0,,1e+15,EDGE_EVENT_AFFECTS_SUBJECT,,,
496,{u'source': u'SOURCE_LINUX_AUDIT_TRACE'},,1.39893330928e+14,,,0.0,,,,,,,,,,,,,2e+15,
497,,4e+15,,,,,,,{},,,,,0.0,,2e+15,EDGE_MEMORY_AFFECTS_EVENT,,,
498,,4e+15,,,,,,,{},,,,,0.0,,1e+15,EDGE_EVENT_AFFECTS_SUBJECT,,,
499,,2e+15,,,,,,,{},,,,,0.0,,4e+15,EDGE_EVENT_AFFECTS_SUBJECT,,,
500,{u'source': u'SOURCE_LINUX_AUDIT_TRACE'},,,,,,,,,,,,,,,,,"""/lib/x86_64-linux-gnu/libpng12.so.0""",3e+15,1.0
501,,3e+15,,,,,,,{},,,,,0.0,,4e+15,EDGE_EVENT_AFFECTS_SUBJECT,,,
502,{u'source': u'SOURCE_LINUX_AUDIT_TRACE'},,,,,,,,,,,,,,,,,"""/lib/x86_64-linux-gnu/libpng12.so.0""",3e+15,1.0
503,,3e+15,,,,,,,{},,,,,0.0,,9e+15,EDGE_EVENT_AFFECTS_SUBJECT,,,
504,,3e+15,,,,,,,{},,,,,0.0,,4e+15,EDGE_EVENT_AFFECTS_SUBJECT,,,
505,,4e+15,,,,,,,{},,,,,0.0,,1e+15,EDGE_EVENT_AFFECTS_SUBJECT,,,
506,,4e+15,,,,,,,{},,,,,0.0,,1e+15,EDGE_EVENT_AFFECTS_SUBJECT,,,
507,{u'source': u'SOURCE_LINUX_AUDIT_TRACE'},,1.39893326516e+14,,,0.0,,,,,,,,,,,,,2e+15,
508,,4e+15,,,,,,,{},,,,,0.0,,2e+15,EDGE_MEMORY_AFFECTS_EVENT,,,
509,,4e+15,,,,,,,{},,,,,0.0,,1e+15,EDGE_EVENT_AFFECTS_SUBJECT,,,
510,,2e+15,,,,,,,{},,,,,0.0,,4e+15,EDGE_EVENT_AFFECTS_SUBJECT,,,
511,{u'source': u'SOURCE_LINUX_AUDIT_TRACE'},,,,,,,,,,,,,,,,,"""/lib/x86_64-linux-gnu/libpng12.so.0""",3e+15,1.0
512,,3e+15,,,,,,,{},,,,,0.0,,4e+15,EDGE_EVENT_AFFECTS_SUBJECT,,,
513,{u'source': u'SOURCE_LINUX_AUDIT_TRACE'},,1.39893328761e+14,,,0.0,,,,,,,,,,,,,2e+15,
514,,4e+15,,,,,,,{},,,,,0.0,,2e+15,EDGE_MEMORY_AFFECTS_EVENT,,,
515,,4e+15,,,,,,,{},,,,,0.0,,3e+15,EDGE_EVENT_AFFECTS_FILE,,,
516,,4e+15,,,,,,,{},,,,,0.0,,1e+15,EDGE_EVENT_AFFECTS_SUBJECT,,,
517,,2e+15,,,,,,,{},,,,,0.0,,4e+15,EDGE_EVENT_AFFECTS_SUBJECT,,,
518,{u'source': u'SOURCE_LINUX_AUDIT_TRACE'},,,,,,,,,,,,,,,,,"""/usr/lib/x86_64-linux-gnu/libX11.so.6""",3e+15,1.0
519,,3e+15,,,,,,,{},,,,,0.0,,4e+15,EDGE_EVENT_AFFECTS_SUBJECT,,,
520,{u'source': u'SOURCE_LINUX_AUDIT_TRACE'},,,,,,,,,,,,,,,,,"""/usr/lib/x86_64-linux-gnu/libX11.so.6""",3e+15,1.0
521,,3e+15,,,,,,,{},,,,,0.0,,9e+15,EDGE_EVENT_AFFECTS_SUBJECT,,,
522,,3e+15,,,,,,,{},,,,,0.0,,4e+15,EDGE_EVENT_AFFECTS_SUBJECT,,,
523,,4e+15,,,,,,,{},,,,,0.0,,1e+15,EDGE_EVENT_AFFECTS_SUBJECT,,,
524,,4e+15,,,,,,,{},,,,,0.0,,1e+15,EDGE_EVENT_AFFECTS_SUBJECT,,,
525,{u'source': u'SOURCE_LINUX_AUDIT_TRACE'},,1.39893323153e+14,,,0.0,,,,,,,,,,,,,2e+15,
526,,4e+15,,,,,,,{},,,,,0.0,,2e+15,EDGE_MEMORY_AFFECTS_EVENT,,,
527,,4e+15,,,,,,,{},,,,,0.0,,1e+15,EDGE_EVENT_AFFECTS_SUBJECT,,,
528,,2e+15,,,,,,,{},,,,,0.0,,4e+15,EDGE_EVENT_AFFECTS_SUBJECT,,,
529,{u'source': u'SOURCE_LINUX_AUDIT_TRACE'},,,,,,,,,,,,,,,,,"""/usr/lib/x86_64-linux-gnu/libX11.so.6""",3e+15,1.0
530,,3e+15,,,,,,,{},,,,,0.0,,4e+15,EDGE_EVENT_AFFECTS_SUBJECT,,,
531,{u'source': u'SOURCE_LINUX_AUDIT_TRACE'},,1.39893326496e+14,,,0.0,,,,,,,,,,,,,2e+15,
532,,4e+15,,,,,,,{},,,,,0.0,,2e+15,EDGE_MEMORY_AFFECTS_EVENT,,,
533,,4e+15,,,,,,,{},,,,,0.0,,3e+15,EDGE_EVENT_AFFECTS_FILE,,,
534,,4e+15,,,,,,,{},,,,,0.0,,1e+15,EDGE_EVENT_AFFECTS_SUBJECT,,,
535,,2e+15,,,,,,,{},,,,,0.0,,4e+15,EDGE_EVENT_AFFECTS_SUBJECT,,,
536,,4e+15,,,,,,,{},,,,,0.0,,1e+15,EDGE_EVENT_AFFECTS_SUBJECT,,,
537,,4e+15,,,,,,,{},,,,,0.0,,1e+15,EDGE_EVENT_AFFECTS_SUBJECT,,,
538,{u'source': u'SOURCE_LINUX_AUDIT_TRACE'},,1.39893319201e+14,,,0.0,,,,,,,,,,,,,2e+15,
539,,4e+15,,,,,,,{},,,,,0.0,,2e+15,EDGE_MEMORY_AFFECTS_EVENT,,,
540,,4e+15,,,,,,,{},,,,,0.0,,1e+15,EDGE_EVENT_AFFECTS_SUBJECT,,,
541,,2e+15,,,,,,,{},,,,,0.0,,4e+15,EDGE_EVENT_AFFECTS_SUBJECT,,,
542,,,,mmap(read),,,,,,201.0,SOURCE_LINUX_AUDIT_TRACE,,1452.0,,-1.0,,EVENT_ACCEPT,,4e+15,
543,{u'source': u'SOURCE_LINUX_AUDIT_TRACE'},,,,,,,,,,,,,,,,,"""/lib/x86_64-linux-gnu/libc.so.6""",3e+15,1.0
544,,3e+15,,,,,,,{},,,,,0.0,,4e+15,EDGE_EVENT_AFFECTS_SUBJECT,,,
545,{u'source': u'SOURCE_LINUX_AUDIT_TRACE'},,,,,,,,,,,,,,,,,"""/lib/x86_64-linux-gnu/libc.so.6""",3e+15,1.0
546,,3e+15,,,,,,,{},,,,,0.0,,9e+15,EDGE_EVENT_AFFECTS_SUBJECT,,,
547,,,,read,,,,,,203.0,SOURCE_LINUX_AUDIT_TRACE,,1452.0,,-1.0,,EVENT_ACCEPT,,4e+15,
548,,3e+15,,,,,,,{},,,,,0.0,,4e+15,EDGE_EVENT_AFFECTS_SUBJECT,,,
549,,3e+15,,,,,,,{},,,,,0.0,,4e+15,EDGE_EVENT_AFFECTS_SUBJECT,,,
550,{u'source': u'SOURCE_LINUX_AUDIT_TRACE'},,1.39893323108e+14,,,0.0,,,,,,,,,,,,,2e+15,
551,,4e+15,,,,,,,{},,,,,0.0,,2e+15,EDGE_MEMORY_AFFECTS_EVENT,,,
552,,4e+15,,,,,,,{},,,,,0.0,,3e+15,EDGE_EVENT_AFFECTS_FILE,,,
553,,4e+15,,,,,,,{},,,,,0.0,,1e+15,EDGE_EVENT_AFFECTS_SUBJECT,,,
554,,2e+15,,,,,,,{},,,,,0.0,,4e+15,EDGE_EVENT_AFFECTS_SUBJECT,,,
555,{u'source': u'SOURCE_LINUX_AUDIT_TRACE'},,,,,,,,,,,,,,,,,"""/lib/x86_64-linux-gnu/libz.so.1""",3e+15,1.0
556,,3e+15,,,,,,,{},,,,,0.0,,4e+15,EDGE_EVENT_AFFECTS_SUBJECT,,,
557,{u'source': u'SOURCE_LINUX_AUDIT_TRACE'},,,,,,,,,,,,,,,,,"""/lib/x86_64-linux-gnu/libz.so.1""",3e+15,1.0
558,,3e+15,,,,,,,{},,,,,0.0,,9e+15,EDGE_EVENT_AFFECTS_SUBJECT,,,
559,,3e+15,,,,,,,{},,,,,0.0,,4e+15,EDGE_EVENT_AFFECTS_SUBJECT,,,
560,,4e+15,,,,,,,{},,,,,0.0,,1e+15,EDGE_EVENT_AFFECTS_SUBJECT,,,
561,,4e+15,,,,,,,{},,,,,0.0,,1e+15,EDGE_EVENT_AFFECTS_SUBJECT,,,
562,{u'source': u'SOURCE_LINUX_AUDIT_TRACE'},,1.39893317001e+14,,,0.0,,,,,,,,,,,,,2e+15,
563,,4e+15,,,,,,,{},,,,,0.0,,2e+15,EDGE_MEMORY_AFFECTS_EVENT,,,
564,,4e+15,,,,,,,{},,,,,0.0,,1e+15,EDGE_EVENT_AFFECTS_SUBJECT,,,
565,,2e+15,,,,,,,{},,,,,0.0,,4e+15,EDGE_EVENT_AFFECTS_SUBJECT,,,
566,{u'source': u'SOURCE_LINUX_AUDIT_TRACE'},,,,,,,,,,,,,,,,,"""/lib/x86_64-linux-gnu/libz.so.1""",3e+15,1.0
567,,3e+15,,,,,,,{},,,,,0.0,,4e+15,EDGE_EVENT_AFFECTS_SUBJECT,,,
568,{u'source': u'SOURCE_LINUX_AUDIT_TRACE'},,1.39893319193e+14,,,0.0,,,,,,,,,,,,,2e+15,
569,,4e+15,,,,,,,{},,,,,0.0,,2e+15,EDGE_MEMORY_AFFECTS_EVENT,,,
570,,4e+15,,,,,,,{},,,,,0.0,,3e+15,EDGE_EVENT_AFFECTS_FILE,,,
571,,4e+15,,,,,,,{},,,,,0.0,,1e+15,EDGE_EVENT_AFFECTS_SUBJECT,,,
572,,2e+15,,,,,,,{},,,,,0.0,,4e+15,EDGE_EVENT_AFFECTS_SUBJECT,,,
573,{u'source': u'SOURCE_LINUX_AUDIT_TRACE'},,,,,,,,,,,,,,,,,"""/lib/x86_64-linux-gnu/libm.so.6""",3e+15,1.0
574,,3e+15,,,,,,,{},,,,,0.0,,4e+15,EDGE_EVENT_AFFECTS_SUBJECT,,,
575,{u'source': u'SOURCE_LINUX_AUDIT_TRACE'},,,,,,,,,,,,,,,,,"""/lib/x86_64-linux-gnu/libm.so.6""",3e+15,1.0
576,,3e+15,,,,,,,{},,,,,0.0,,9e+15,EDGE_EVENT_AFFECTS_SUBJECT,,,
577,,3e+15,,,,,,,{},,,,,0.0,,4e+15,EDGE_EVENT_AFFECTS_SUBJECT,,,
578,,4e+15,,,,,,,{},,,,,0.0,,1e+15,EDGE_EVENT_AFFECTS_SUBJECT,,,
579,,4e+15,,,,,,,{},,,,,0.0,,1e+15,EDGE_EVENT_AFFECTS_SUBJECT,,,
580,{u'source': u'SOURCE_LINUX_AUDIT_TRACE'},,1.39893313831e+14,,,0.0,,,,,,,,,,,,,2e+15,
581,,4e+15,,,,,,,{},,,,,0.0,,2e+15,EDGE_MEMORY_AFFECTS_EVENT,,,
582,,4e+15,,,,,,,{},,,,,0.0,,1e+15,EDGE_EVENT_AFFECTS_SUBJECT,,,
583,,2e+15,,,,,,,{},,,,,0.0,,4e+15,EDGE_EVENT_AFFECTS_SUBJECT,,,
584,{u'source': u'SOURCE_LINUX_AUDIT_TRACE'},,,,,,,,,,,,,,,,,"""/lib/x86_64-linux-gnu/libm.so.6""",3e+15,1.0
585,,3e+15,,,,,,,{},,,,,0.0,,4e+15,EDGE_EVENT_AFFECTS_SUBJECT,,,
586,{u'source': u'SOURCE_LINUX_AUDIT_TRACE'},,1.39893316993e+14,,,0.0,,,,,,,,,,,,,2e+15,
587,,4e+15,,,,,,,{},,,,,0.0,,2e+15,EDGE_MEMORY_AFFECTS_EVENT,,,
588,,4e+15,,,,,,,{},,,,,0.0,,3e+15,EDGE_EVENT_AFFECTS_FILE,,,
589,,4e+15,,,,,,,{},,,,,0.0,,1e+15,EDGE_EVENT_AFFECTS_SUBJECT,,,
590,,2e+15,,,,,,,{},,,,,0.0,,4e+15,EDGE_EVENT_AFFECTS_SUBJECT,,,
591,{u'source': u'SOURCE_LINUX_AUDIT_TRACE'},,,,,,,,,,,,,,,,,"""/usr/lib/x86_64-linux-gnu/libxcb.so.1""",3e+15,1.0
592,,3e+15,,,,,,,{},,,,,0.0,,4e+15,EDGE_EVENT_AFFECTS_SUBJECT,,,
593,{u'source': u'SOURCE_LINUX_AUDIT_TRACE'},,,,,,,,,,,,,,,,,"""/usr/lib/x86_64-linux-gnu/libxcb.so.1""",3e+15,1.0
594,,3e+15,,,,,,,{},,,,,0.0,,9e+15,EDGE_EVENT_AFFECTS_SUBJECT,,,
595,,3e+15,,,,,,,{},,,,,0.0,,4e+15,EDGE_EVENT_AFFECTS_SUBJECT,,,
596,,4e+15,,,,,,,{},,,,,0.0,,1e+15,EDGE_EVENT_AFFECTS_SUBJECT,,,
597,,4e+15,,,,,,,{},,,,,0.0,,1e+15,EDGE_EVENT_AFFECTS_SUBJECT,,,
598,{u'source': u'SOURCE_LINUX_AUDIT_TRACE'},,1.39893311607e+14,,,0.0,,,,,,,,,,,,,2e+15,
599,,4e+15,,,,,,,{},,,,,0.0,,2e+15,EDGE_MEMORY_AFFECTS_EVENT,,,
600,,4e+15,,,,,,,{},,,,,0.0,,1e+15,EDGE_EVENT_AFFECTS_SUBJECT,,,
601,,2e+15,,,,,,,{},,,,,0.0,,4e+15,EDGE_EVENT_AFFECTS_SUBJECT,,,
602,{u'source': u'SOURCE_LINUX_AUDIT_TRACE'},,,,,,,,,,,,,,,,,"""/usr/lib/x86_64-linux-gnu/libxcb.so.1""",3e+15,1.0
603,,3e+15,,,,,,,{},,,,,0.0,,4e+15,EDGE_EVENT_AFFECTS_SUBJECT,,,
604,{u'source': u'SOURCE_LINUX_AUDIT_TRACE'},,1.39893313823e+14,,,0.0,,,,,,,,,,,,,2e+15,
605,,4e+15,,,,,,,{},,,,,0.0,,2e+15,EDGE_MEMORY_AFFECTS_EVENT,,,
606,,4e+15,,,,,,,{},,,,,0.0,,3e+15,EDGE_EVENT_AFFECTS_FILE,,,
607,,4e+15,,,,,,,{},,,,,0.0,,1e+15,EDGE_EVENT_AFFECTS_SUBJECT,,,
608,,2e+15,,,,,,,{},,,,,0.0,,4e+15,EDGE_EVENT_AFFECTS_SUBJECT,,,
609,{u'source': u'SOURCE_LINUX_AUDIT_TRACE'},,,,,,,,,,,,,,,,,"""/lib/x86_64-linux-gnu/libdl.so.2""",3e+15,1.0
610,,3e+15,,,,,,,{},,,,,0.0,,4e+15,EDGE_EVENT_AFFECTS_SUBJECT,,,
611,{u'source': u'SOURCE_LINUX_AUDIT_TRACE'},,,,,,,,,,,,,,,,,"""/lib/x86_64-linux-gnu/libdl.so.2""",3e+15,1.0
612,,3e+15,,,,,,,{},,,,,0.0,,9e+15,EDGE_EVENT_AFFECTS_SUBJECT,,,
613,,3e+15,,,,,,,{},,,,,0.0,,4e+15,EDGE_EVENT_AFFECTS_SUBJECT,,,
614,,4e+15,,,,,,,{},,,,,0.0,,1e+15,EDGE_EVENT_AFFECTS_SUBJECT,,,
615,,4e+15,,,,,,,{},,,,,0.0,,1e+15,EDGE_EVENT_AFFECTS_SUBJECT,,,
616,{u'source': u'SOURCE_LINUX_AUDIT_TRACE'},,1.39893309493e+14,,,0.0,,,,,,,,,,,,,2e+15,
617,,4e+15,,,,,,,{},,,,,0.0,,2e+15,EDGE_MEMORY_AFFECTS_EVENT,,,
618,,4e+15,,,,,,,{},,,,,0.0,,1e+15,EDGE_EVENT_AFFECTS_SUBJECT,,,
619,,2e+15,,,,,,,{},,,,,0.0,,4e+15,EDGE_EVENT_AFFECTS_SUBJECT,,,
620,{u'source': u'SOURCE_LINUX_AUDIT_TRACE'},,,,,,,,,,,,,,,,,"""/lib/x86_64-linux-gnu/libdl.so.2""",3e+15,1.0
621,,3e+15,,,,,,,{},,,,,0.0,,4e+15,EDGE_EVENT_AFFECTS_SUBJECT,,,
622,{u'source': u'SOURCE_LINUX_AUDIT_TRACE'},,1.39893311599e+14,,,0.0,,,,,,,,,,,,,2e+15,
623,,4e+15,,,,,,,{},,,,,0.0,,2e+15,EDGE_MEMORY_AFFECTS_EVENT,,,
624,,4e+15,,,,,,,{},,,,,0.0,,3e+15,EDGE_EVENT_AFFECTS_FILE,,,
625,,4e+15,,,,,,,{},,,,,0.0,,1e+15,EDGE_EVENT_AFFECTS_SUBJECT,,,
626,,2e+15,,,,,,,{},,,,,0.0,,4e+15,EDGE_EVENT_AFFECTS_SUBJECT,,,
627,{u'source': u'SOURCE_LINUX_AUDIT_TRACE'},,,,,,,,,,,,,,,,,"""/usr/lib/x86_64-linux-gnu/libXau.so.6""",3e+15,1.0
628,,3e+15,,,,,,,{},,,,,0.0,,4e+15,EDGE_EVENT_AFFECTS_SUBJECT,,,
629,{u'source': u'SOURCE_LINUX_AUDIT_TRACE'},,,,,,,,,,,,,,,,,"""/usr/lib/x86_64-linux-gnu/libXau.so.6""",3e+15,1.0
630,,3e+15,,,,,,,{},,,,,0.0,,9e+15,EDGE_EVENT_AFFECTS_SUBJECT,,,
631,,3e+15,,,,,,,{},,,,,0.0,,4e+15,EDGE_EVENT_AFFECTS_SUBJECT,,,
632,,4e+15,,,,,,,{},,,,,0.0,,1e+15,EDGE_EVENT_AFFECTS_SUBJECT,,,
633,,4e+15,,,,,,,{},,,,,0.0,,1e+15,EDGE_EVENT_AFFECTS_SUBJECT,,,
634,{u'source': u'SOURCE_LINUX_AUDIT_TRACE'},,1.3989330738e+14,,,0.0,,,,,,,,,,,,,2e+15,
635,,4e+15,,,,,,,{},,,,,0.0,,2e+15,EDGE_MEMORY_AFFECTS_EVENT,,,
636,,4e+15,,,,,,,{},,,,,0.0,,1e+15,EDGE_EVENT_AFFECTS_SUBJECT,,,
637,,2e+15,,,,,,,{},,,,,0.0,,4e+15,EDGE_EVENT_AFFECTS_SUBJECT,,,
638,{u'source': u'SOURCE_LINUX_AUDIT_TRACE'},,,,,,,,,,,,,,,,,"""/usr/lib/x86_64-linux-gnu/libXau.so.6""",3e+15,1.0
639,,3e+15,,,,,,,{},,,,,0.0,,4e+15,EDGE_EVENT_AFFECTS_SUBJECT,,,
640,{u'source': u'SOURCE_LINUX_AUDIT_TRACE'},,1.39893309485e+14,,,0.0,,,,,,,,,,,,,2e+15,
641,,4e+15,,,,,,,{},,,,,0.0,,2e+15,EDGE_MEMORY_AFFECTS_EVENT,,,
642,,4e+15,,,,,,,{},,,,,0.0,,3e+15,EDGE_EVENT_AFFECTS_FILE,,,
643,,4e+15,,,,,,,{},,,,,0.0,,1e+15,EDGE_EVENT_AFFECTS_SUBJECT,,,
644,,2e+15,,,,,,,{},,,,,0.0,,4e+15,EDGE_EVENT_AFFECTS_SUBJECT,,,
645,{u'source': u'SOURCE_LINUX_AUDIT_TRACE'},,,,,,,,,,,,,,,,,"""/usr/lib/x86_64-linux-gnu/libXdmcp.so.6""",3e+15,1.0
646,,3e+15,,,,,,,{},,,,,0.0,,4e+15,EDGE_EVENT_AFFECTS_SUBJECT,,,
647,{u'source': u'SOURCE_LINUX_AUDIT_TRACE'},,,,,,,,,,,,,,,,,"""/usr/lib/x86_64-linux-gnu/libXdmcp.so.6""",3e+15,1.0
648,,3e+15,,,,,,,{},,,,,0.0,,9e+15,EDGE_EVENT_AFFECTS_SUBJECT,,,
649,,3e+15,,,,,,,{},,,,,0.0,,4e+15,EDGE_EVENT_AFFECTS_SUBJECT,,,
650,,4e+15,,,,,,,{},,,,,0.0,,1e+15,EDGE_EVENT_AFFECTS_SUBJECT,,,
651,,4e+15,,,,,,,{},,,,,0.0,,1e+15,EDGE_EVENT_AFFECTS_SUBJECT,,,
652,{u'source': u'SOURCE_LINUX_AUDIT_TRACE'},,1.39893305258e+14,,,0.0,,,,,,,,,,,,,2e+15,
653,,4e+15,,,,,,,{},,,,,0.0,,2e+15,EDGE_MEMORY_AFFECTS_EVENT,,,
654,,4e+15,,,,,,,{},,,,,0.0,,1e+15,EDGE_EVENT_AFFECTS_SUBJECT,,,
655,,2e+15,,,,,,,{},,,,,0.0,,4e+15,EDGE_EVENT_AFFECTS_SUBJECT,,,
656,{u'source': u'SOURCE_LINUX_AUDIT_TRACE'},,,,,,,,,,,,,,,,,"""/usr/lib/x86_64-linux-gnu/libXdmcp.so.6""",3e+15,1.0
657,,3e+15,,,,,,,{},,,,,0.0,,4e+15,EDGE_EVENT_AFFECTS_SUBJECT,,,
658,{u'source': u'SOURCE_LINUX_AUDIT_TRACE'},,1.39893307372e+14,,,0.0,,,,,,,,,,,,,2e+15,
659,,4e+15,,,,,,,{},,,,,0.0,,2e+15,EDGE_MEMORY_AFFECTS_EVENT,,,
660,,4e+15,,,,,,,{},,,,,0.0,,3e+15,EDGE_EVENT_AFFECTS_FILE,,,
661,,4e+15,,,,,,,{},,,,,0.0,,1e+15,EDGE_EVENT_AFFECTS_SUBJECT,,,
662,,2e+15,,,,,,,{},,,,,0.0,,4e+15,EDGE_EVENT_AFFECTS_SUBJECT,,,
663,,,,recvmsg,,,,,,205.0,SOURCE_LINUX_AUDIT_TRACE,,1074.0,,-1.0,,EVENT_ACCEPT,,4e+15,
664,,,,,"Xorg,1074,ffff88001a7e3ae0",,1074.0,1011.0,,,SOURCE_LINUX_AUDIT_TRACE,-1.0,,,,,SUBJECT_PROCESS,,1e+15,
665,,1e+15,,,,,,,{},,,,,0.0,,4e+15,EDGE_SUBJECT_AFFECTS_EVENT,,,
666,,,,read,,,,,,207.0,SOURCE_LINUX_AUDIT_TRACE,,1074.0,,-1.0,,EVENT_ACCEPT,,4e+15,
667,,1e+15,,,,,,,{},,,,,0.0,,4e+15,EDGE_SUBJECT_AFFECTS_EVENT,,,
668,{u'source': u'SOURCE_LINUX_AUDIT_TRACE'},,,,,,,,,,,,,,,,,"""/home/theia/.Xauthority""",3e+15,1.0
669,,3e+15,,,,,,,{},,,,,0.0,,4e+15,EDGE_SUBJECT_AFFECTS_EVENT,,,
670,{u'source': u'SOURCE_LINUX_AUDIT_TRACE'},,,,,,,,,,,,,,,,,"""/home/theia/.Xauthority""",3e+15,1.0
671,,3e+15,,,,,,,{},,,,,0.0,,9e+15,EDGE_SUBJECT_AFFECTS_EVENT,,,
672,,3e+15,,,,,,,{},,,,,0.0,,4e+15,EDGE_SUBJECT_AFFECTS_EVENT,,,
673,,4e+15,,,,,,,{},,,,,0.0,,1e+15,EDGE_EVENT_AFFECTS_SUBJECT,,,
674,,4e+15,,,,,,,{},,,,,0.0,,1e+15,EDGE_EVENT_AFFECTS_SUBJECT,,,
675,,4e+15,,,,,,,{},,,,,0.0,,1e+15,EDGE_EVENT_AFFECTS_SUBJECT,,,
676,,4e+15,,,,,,,{},,,,,0.0,,1e+15,EDGE_EVENT_AFFECTS_SUBJECT,,,
677,{u'source': u'SOURCE_LINUX_AUDIT_TRACE'},,,,,,,,,,,,,,,,,"""/home/theia/.Xauthority""",3e+15,1.0
678,,5e+15,,,,,,,{},,,,,0.0,,4e+15,EDGE_EVENT_AFFECTS_SUBJECT,,,
679,,5e+15,,,,,,,{},,,,,0.0,,4e+15,EDGE_EVENT_AFFECTS_SUBJECT,,,
680,,5e+15,,,,,,,{},,,,,0.0,,4e+15,EDGE_EVENT_AFFECTS_SUBJECT,,,
681,{u'source': u'SOURCE_LINUX_AUDIT_TRACE'},,,,,,,,,,,,,,,,,"""/home/theia/.Xauthority""",3e+15,1.0
682,,5e+15,,,,,,,{},,,,,0.0,,9e+15,EDGE_EVENT_AFFECTS_SUBJECT,,,
683,,5e+15,,,,,,,{},,,,,0.0,,4e+15,EDGE_EVENT_AFFECTS_SUBJECT,,,
684,,4e+15,,,,,,,{},,,,,0.0,,1e+15,EDGE_EVENT_AFFECTS_SUBJECT,,,
685,,4e+15,,,,,,,{},,,,,0.0,,1e+15,EDGE_EVENT_AFFECTS_SUBJECT,,,
686,{u'source': u'SOURCE_LINUX_AUDIT_TRACE'},,,,,,,,,,,,,,,,,"""/proc/1451/cmdline""",3e+15,1.0
687,{u'source': u'SOURCE_LINUX_AUDIT_TRACE'},,,,,,,,,,,,,,,,,"""/proc/1451/cmdline""",3e+15,1.0
688,,3e+15,,,,,,,{},,,,,0.0,,9e+15,EDGE_EVENT_AFFECTS_SUBJECT,,,
689,,3e+15,,,,,,,{},,,,,0.0,,4e+15,EDGE_EVENT_AFFECTS_SUBJECT,,,
690,,4e+15,,,,,,,{},,,,,0.0,,1e+15,EDGE_EVENT_AFFECTS_SUBJECT,,,
691,,4e+15,,,,,,,{},,,,,0.0,,1e+15,EDGE_EVENT_AFFECTS_SUBJECT,,,
692,{u'source': u'SOURCE_LINUX_AUDIT_TRACE'},,,,,,,,,,,,,,,,,"""/proc/1451/cmdline""",3e+15,1.0
693,{u'source': u'SOURCE_LINUX_AUDIT_TRACE'},,,,,,,,,,,,,,,,,"""/proc/1451/cmdline""",3e+15,1.0
694,,5e+15,,,,,,,{},,,,,0.0,,9e+15,EDGE_EVENT_AFFECTS_SUBJECT,,,
695,,5e+15,,,,,,,{},,,,,0.0,,4e+15,EDGE_EVENT_AFFECTS_SUBJECT,,,
696,,4e+15,,,,,,,{},,,,,0.0,,1e+15,EDGE_EVENT_AFFECTS_SUBJECT,,,
697,,4e+15,,,,,,,{},,,,,0.0,,1e+15,EDGE_EVENT_AFFECTS_SUBJECT,,,
698,,4e+15,,,,,,,{},,,,,0.0,,1e+15,EDGE_EVENT_AFFECTS_SUBJECT,,,
699,,4e+15,,,,,,,{},,,,,0.0,,1e+15,EDGE_EVENT_AFFECTS_SUBJECT,,,
700,,4e+15,,,,,,,{},,,,,0.0,,1e+15,EDGE_EVENT_AFFECTS_SUBJECT,,,
701,,4e+15,,,,,,,{},,,,,0.0,,1e+15,EDGE_EVENT_AFFECTS_SUBJECT,,,
702,,4e+15,,,,,,,{},,,,,0.0,,1e+15,EDGE_EVENT_AFFECTS_SUBJECT,,,
703,,4e+15,,,,,,,{},,,,,0.0,,1e+15,EDGE_EVENT_AFFECTS_SUBJECT,,,
704,,,,read,,,,,,209.0,SOURCE_LINUX_AUDIT_TRACE,,1452.0,,-1.0,,EVENT_ACCEPT,,4e+15,
705,{u'source': u'SOURCE_LINUX_AUDIT_TRACE'},,,,,,,,,,,,,,,,,"""screen.png""",3e+15,1.0
706,,3e+15,,,,,,,{},,,,,0.0,,4e+15,EDGE_EVENT_AFFECTS_SUBJECT,,,
707,{u'source': u'SOURCE_LINUX_AUDIT_TRACE'},,,,,,,,,,,,,,,,,"""screen.png""",3e+15,1.0
708,,3e+15,,,,,,,{},,,,,0.0,,9e+15,EDGE_EVENT_AFFECTS_SUBJECT,,,
709,,,,read,,,,,,211.0,SOURCE_LINUX_AUDIT_TRACE,,1452.0,,-1.0,,EVENT_ACCEPT,,4e+15,
710,,3e+15,,,,,,,{},,,,,0.0,,4e+15,EDGE_EVENT_AFFECTS_SUBJECT,,,
711,,,,,"client.sh,1452,ffff880009dbce80",,1452.0,1448.0,,,SOURCE_LINUX_AUDIT_TRACE,-1.0,,,,,SUBJECT_PROCESS,,1e+15,
712,,1e+15,,,,,,,{},,,,,0.0,,4e+15,EDGE_SUBJECT_AFFECTS_EVENT,,,
713,,4e+15,,,,,,,{},,,,,0.0,,1e+15,EDGE_EVENT_AFFECTS_SUBJECT,,,
714,,4e+15,,,,,,,{},,,,,0.0,,1e+15,EDGE_EVENT_AFFECTS_SUBJECT,,,
715,,,,,"nc,1452,ffff880009dbce80",,1452.0,1448.0,,,SOURCE_LINUX_AUDIT_TRACE,-1.0,,,,,SUBJECT_PROCESS,,1e+15,
716,,1e+15,,,,,,,{},,,,,0.0,,4e+15,EDGE_SUBJECT_AFFECTS_EVENT,,,
717,,1e+15,,,,,,,{},,,,,0.0,,4e+15,EDGE_SUBJECT_AFFECTS_EVENT,,,
718,,1e+15,,,,,,,{},,,,,0.0,,4e+15,EDGE_SUBJECT_AFFECTS_EVENT,,,
719,,1e+15,,,,,,,{},,,,,0.0,,4e+15,EDGE_SUBJECT_AFFECTS_EVENT,,,
720,,1e+15,,,,,,,{},,,,,0.0,,4e+15,EDGE_SUBJECT_AFFECTS_EVENT,,,
721,,1e+15,,,,,,,{},,,,,0.0,,4e+15,EDGE_SUBJECT_AFFECTS_EVENT,,,
722,,1e+15,,,,,,,{},,,,,0.0,,4e+15,EDGE_SUBJECT_AFFECTS_EVENT,,,
723,,1e+15,,,,,,,{},,,,,0.0,,4e+15,EDGE_SUBJECT_AFFECTS_EVENT,,,
724,,,,mmap(read/write),,,,,,213.0,SOURCE_LINUX_AUDIT_TRACE,,1452.0,,-1.0,,EVENT_ACCEPT,,4e+15,
725,,1e+15,,,,,,,{},,,,,0.0,,4e+15,EDGE_SUBJECT_AFFECTS_EVENT,,,
726,,1e+15,,,,,,,{},,,,,0.0,,4e+15,EDGE_SUBJECT_AFFECTS_EVENT,,,
727,,1e+15,,,,,,,{},,,,,0.0,,4e+15,EDGE_SUBJECT_AFFECTS_EVENT,,,
728,,,,mmap(read/write),,,,,,215.0,SOURCE_LINUX_AUDIT_TRACE,,1452.0,,-1.0,,EVENT_ACCEPT,,4e+15,
729,,1e+15,,,,,,,{},,,,,0.0,,4e+15,EDGE_SUBJECT_AFFECTS_EVENT,,,
730,,1e+15,,,,,,,{},,,,,0.0,,4e+15,EDGE_SUBJECT_AFFECTS_EVENT,,,
731,,1e+15,,,,,,,{},,,,,0.0,,4e+15,EDGE_SUBJECT_AFFECTS_EVENT,,,
732,,,,mmap(read/write),,,,,,217.0,SOURCE_LINUX_AUDIT_TRACE,,1452.0,,-1.0,,EVENT_ACCEPT,,4e+15,
733,,1e+15,,,,,,,{},,,,,0.0,,4e+15,EDGE_SUBJECT_AFFECTS_EVENT,,,
734,,1e+15,,,,,,,{},,,,,0.0,,4e+15,EDGE_SUBJECT_AFFECTS_EVENT,,,
735,,1e+15,,,,,,,{},,,,,0.0,,4e+15,EDGE_SUBJECT_AFFECTS_EVENT,,,
736,,1e+15,,,,,,,{},,,,,0.0,,4e+15,EDGE_SUBJECT_AFFECTS_EVENT,,,
737,,1e+15,,,,,,,{},,,,,0.0,,4e+15,EDGE_SUBJECT_AFFECTS_EVENT,,,
738,,1e+15,,,,,,,{},,,,,0.0,,4e+15,EDGE_SUBJECT_AFFECTS_EVENT,,,
739,,1e+15,,,,,,,{},,,,,0.0,,4e+15,EDGE_SUBJECT_AFFECTS_EVENT,,,
740,,,,mmap(read/write),,,,,,219.0,SOURCE_LINUX_AUDIT_TRACE,,1452.0,,-1.0,,EVENT_ACCEPT,,4e+15,
741,,1e+15,,,,,,,{},,,,,0.0,,4e+15,EDGE_SUBJECT_AFFECTS_EVENT,,,
742,,1e+15,,,,,,,{},,,,,0.0,,4e+15,EDGE_SUBJECT_AFFECTS_EVENT,,,
743,,1e+15,,,,,,,{},,,,,0.0,,4e+15,EDGE_SUBJECT_AFFECTS_EVENT,,,
744,,1e+15,,,,,,,{},,,,,0.0,,4e+15,EDGE_SUBJECT_AFFECTS_EVENT,,,
745,,4e+15,,,,,,,{},,,,,0.0,,1e+15,EDGE_EVENT_AFFECTS_SUBJECT,,,
746,,4e+15,,,,,,,{},,,,,0.0,,1e+15,EDGE_EVENT_AFFECTS_SUBJECT,,,
747,{u'source': u'SOURCE_LINUX_AUDIT_TRACE'},,1.39848081568e+14,,,0.0,,,,,,,,,,,,,2e+15,
748,,4e+15,,,,,,,{},,,,,0.0,,2e+15,EDGE_MEMORY_AFFECTS_EVENT,,,
749,,4e+15,,,,,,,{},,,,,0.0,,1e+15,EDGE_EVENT_AFFECTS_SUBJECT,,,
750,,2e+15,,,,,,,{},,,,,0.0,,4e+15,EDGE_EVENT_AFFECTS_SUBJECT,,,
751,,4e+15,,,,,,,{},,,,,0.0,,1e+15,EDGE_EVENT_AFFECTS_SUBJECT,,,
752,,4e+15,,,,,,,{},,,,,0.0,,1e+15,EDGE_EVENT_AFFECTS_SUBJECT,,,
753,{u'source': u'SOURCE_LINUX_AUDIT_TRACE'},,1.39848077251e+14,,,0.0,,,,,,,,,,,,,2e+15,
754,,4e+15,,,,,,,{},,,,,0.0,,2e+15,EDGE_MEMORY_AFFECTS_EVENT,,,
755,,4e+15,,,,,,,{},,,,,0.0,,1e+15,EDGE_EVENT_AFFECTS_SUBJECT,,,
756,,2e+15,,,,,,,{},,,,,0.0,,4e+15,EDGE_EVENT_AFFECTS_SUBJECT,,,
757,{u'source': u'SOURCE_LINUX_AUDIT_TRACE'},,,,,,,,,,,,,,,,,"""/lib/x86_64-linux-gnu/libbsd.so.0""",3e+15,1.0
758,,3e+15,,,,,,,{},,,,,0.0,,4e+15,EDGE_EVENT_AFFECTS_SUBJECT,,,
759,{u'source': u'SOURCE_LINUX_AUDIT_TRACE'},,1.39848079397e+14,,,0.0,,,,,,,,,,,,,2e+15,
760,,4e+15,,,,,,,{},,,,,0.0,,2e+15,EDGE_MEMORY_AFFECTS_EVENT,,,
761,,4e+15,,,,,,,{},,,,,0.0,,3e+15,EDGE_EVENT_AFFECTS_FILE,,,
762,,4e+15,,,,,,,{},,,,,0.0,,1e+15,EDGE_EVENT_AFFECTS_SUBJECT,,,
763,,2e+15,,,,,,,{},,,,,0.0,,4e+15,EDGE_EVENT_AFFECTS_SUBJECT,,,
764,,4e+15,,,,,,,{},,,,,0.0,,1e+15,EDGE_EVENT_AFFECTS_SUBJECT,,,
765,,4e+15,,,,,,,{},,,,,0.0,,1e+15,EDGE_EVENT_AFFECTS_SUBJECT,,,
766,{u'source': u'SOURCE_LINUX_AUDIT_TRACE'},,1.39848075043e+14,,,0.0,,,,,,,,,,,,,2e+15,
767,,4e+15,,,,,,,{},,,,,0.0,,2e+15,EDGE_MEMORY_AFFECTS_EVENT,,,
768,,4e+15,,,,,,,{},,,,,0.0,,1e+15,EDGE_EVENT_AFFECTS_SUBJECT,,,
769,,2e+15,,,,,,,{},,,,,0.0,,4e+15,EDGE_EVENT_AFFECTS_SUBJECT,,,
770,{u'source': u'SOURCE_LINUX_AUDIT_TRACE'},,,,,,,,,,,,,,,,,"""/lib/x86_64-linux-gnu/libresolv.so.2""",3e+15,1.0
771,,3e+15,,,,,,,{},,,,,0.0,,4e+15,EDGE_EVENT_AFFECTS_SUBJECT,,,
772,{u'source': u'SOURCE_LINUX_AUDIT_TRACE'},,1.39848077234e+14,,,0.0,,,,,,,,,,,,,2e+15,
773,,4e+15,,,,,,,{},,,,,0.0,,2e+15,EDGE_MEMORY_AFFECTS_EVENT,,,
774,,4e+15,,,,,,,{},,,,,0.0,,3e+15,EDGE_EVENT_AFFECTS_FILE,,,
775,,4e+15,,,,,,,{},,,,,0.0,,1e+15,EDGE_EVENT_AFFECTS_SUBJECT,,,
776,,2e+15,,,,,,,{},,,,,0.0,,4e+15,EDGE_EVENT_AFFECTS_SUBJECT,,,
777,,4e+15,,,,,,,{},,,,,0.0,,1e+15,EDGE_EVENT_AFFECTS_SUBJECT,,,
778,,4e+15,,,,,,,{},,,,,0.0,,1e+15,EDGE_EVENT_AFFECTS_SUBJECT,,,
779,{u'source': u'SOURCE_LINUX_AUDIT_TRACE'},,1.3984807109e+14,,,0.0,,,,,,,,,,,,,2e+15,
780,,4e+15,,,,,,,{},,,,,0.0,,2e+15,EDGE_MEMORY_AFFECTS_EVENT,,,
781,,4e+15,,,,,,,{},,,,,0.0,,1e+15,EDGE_EVENT_AFFECTS_SUBJECT,,,
782,,2e+15,,,,,,,{},,,,,0.0,,4e+15,EDGE_EVENT_AFFECTS_SUBJECT,,,
783,{u'source': u'SOURCE_LINUX_AUDIT_TRACE'},,,,,,,,,,,,,,,,,"""/lib/x86_64-linux-gnu/libc.so.6""",3e+15,1.0
784,,3e+15,,,,,,,{},,,,,0.0,,4e+15,EDGE_EVENT_AFFECTS_SUBJECT,,,
785,{u'source': u'SOURCE_LINUX_AUDIT_TRACE'},,1.39848074998e+14,,,0.0,,,,,,,,,,,,,2e+15,
786,,4e+15,,,,,,,{},,,,,0.0,,2e+15,EDGE_MEMORY_AFFECTS_EVENT,,,
787,,4e+15,,,,,,,{},,,,,0.0,,3e+15,EDGE_EVENT_AFFECTS_FILE,,,
788,,4e+15,,,,,,,{},,,,,0.0,,1e+15,EDGE_EVENT_AFFECTS_SUBJECT,,,
789,,2e+15,,,,,,,{},,,,,0.0,,4e+15,EDGE_EVENT_AFFECTS_SUBJECT,,,
790,,4e+15,,,,,,,{},,,,,0.0,,1e+15,EDGE_EVENT_AFFECTS_SUBJECT,,,
791,,4e+15,,,,,,,{},,,,,0.0,,1e+15,EDGE_EVENT_AFFECTS_SUBJECT,,,
792,,4e+15,,,,,,,{},,,,,0.0,,1e+15,EDGE_EVENT_AFFECTS_SUBJECT,,,
793,,4e+15,,,,,,,{},,,,,0.0,,1e+15,EDGE_EVENT_AFFECTS_SUBJECT,,,
794,{u'source': u'SOURCE_LINUX_AUDIT_TRACE'},,1.39848081568e+14,,,0.0,,,,,,,,,,,,,2e+15,
795,,4e+15,,,,,,,{},,,,,0.0,,2e+15,EDGE_MEMORY_AFFECTS_EVENT,,,
796,,4e+15,,,,,,,{},,,,,0.0,,1e+15,EDGE_EVENT_AFFECTS_SUBJECT,,,
797,,2e+15,,,,,,,{},,,,,0.0,,4e+15,EDGE_EVENT_AFFECTS_SUBJECT,,,
798,{u'source': u'SOURCE_LINUX_AUDIT_TRACE'},,1.39848081568e+14,,,0.0,,,,,,,,,,,,,2e+15,
799,,4e+15,,,,,,,{},,,,,0.0,,2e+15,EDGE_MEMORY_AFFECTS_EVENT,,,
800,,4e+15,,,,,,,{},,,,,0.0,,1e+15,EDGE_EVENT_AFFECTS_SUBJECT,,,
801,,2e+15,,,,,,,{},,,,,0.0,,4e+15,EDGE_EVENT_AFFECTS_SUBJECT,,,
802,,4e+15,,,,,,,{},,,,,0.0,,1e+15,EDGE_EVENT_AFFECTS_SUBJECT,,,
803,,4e+15,,,,,,,{},,,,,0.0,,1e+15,EDGE_EVENT_AFFECTS_SUBJECT,,,
804,{u'source': u'SOURCE_LINUX_AUDIT_TRACE'},,1.39848068944e+14,,,0.0,,,,,,,,,,,,,2e+15,
805,,4e+15,,,,,,,{},,,,,0.0,,2e+15,EDGE_MEMORY_AFFECTS_EVENT,,,
806,,4e+15,,,,,,,{},,,,,0.0,,1e+15,EDGE_EVENT_AFFECTS_SUBJECT,,,
807,,2e+15,,,,,,,{},,,,,0.0,,4e+15,EDGE_EVENT_AFFECTS_SUBJECT,,,
808,{u'source': u'SOURCE_LINUX_AUDIT_TRACE'},,,,,,,,,,,,,,,,,"""/lib/x86_64-linux-gnu/libnss_files.so.2""",3e+15,1.0
809,,3e+15,,,,,,,{},,,,,0.0,,4e+15,EDGE_EVENT_AFFECTS_SUBJECT,,,
810,{u'source': u'SOURCE_LINUX_AUDIT_TRACE'},,1.39848071082e+14,,,0.0,,,,,,,,,,,,,2e+15,
811,,4e+15,,,,,,,{},,,,,0.0,,2e+15,EDGE_MEMORY_AFFECTS_EVENT,,,
812,,4e+15,,,,,,,{},,,,,0.0,,3e+15,EDGE_EVENT_AFFECTS_FILE,,,
813,,4e+15,,,,,,,{},,,,,0.0,,1e+15,EDGE_EVENT_AFFECTS_SUBJECT,,,
814,,2e+15,,,,,,,{},,,,,0.0,,4e+15,EDGE_EVENT_AFFECTS_SUBJECT,,,
815,,4e+15,,,,,,,{},,,,,0.0,,1e+15,EDGE_EVENT_AFFECTS_SUBJECT,,,
816,,4e+15,,,,,,,{},,,,,0.0,,1e+15,EDGE_EVENT_AFFECTS_SUBJECT,,,
817,,4e+15,,,,,,,{},,,,,0.0,,1e+15,EDGE_EVENT_AFFECTS_SUBJECT,,,
818,,4e+15,,,,,,,{},,,,,0.0,,1e+15,EDGE_EVENT_AFFECTS_SUBJECT,,,
819,,4e+15,,,,,,,{},,,,,0.0,,1e+15,EDGE_EVENT_AFFECTS_SUBJECT,,,
820,,4e+15,,,,,,,{},,,,,0.0,,1e+15,EDGE_EVENT_AFFECTS_SUBJECT,,,
821,,4e+15,,,,,,,{},,,,,0.0,,1e+15,EDGE_EVENT_AFFECTS_SUBJECT,,,
822,,4e+15,,,,,,,{},,,,,0.0,,1e+15,EDGE_EVENT_AFFECTS_SUBJECT,,,
823,,4e+15,,,,,,,{},,,,,0.0,,1e+15,EDGE_EVENT_AFFECTS_SUBJECT,,,
824,,4e+15,,,,,,,{},,,,,0.0,,1e+15,EDGE_EVENT_AFFECTS_SUBJECT,,,
825,,4e+15,,,,,,,{},,,,,0.0,,1e+15,EDGE_EVENT_AFFECTS_SUBJECT,,,
826,,4e+15,,,,,,,{},,,,,0.0,,1e+15,EDGE_EVENT_AFFECTS_SUBJECT,,,
827,,4e+15,,,,,,,{},,,,,0.0,,1e+15,EDGE_EVENT_AFFECTS_SUBJECT,,,
828,,4e+15,,,,,,,{},,,,,0.0,,1e+15,EDGE_EVENT_AFFECTS_SUBJECT,,,
829,,4e+15,,,,,,,{},,,,,0.0,,1e+15,EDGE_EVENT_AFFECTS_SUBJECT,,,
